store_id,status,timestamp_utc
b5d0a65d-6d54-47aa-95e9-9312f0353326,active,2024-10-03 23:33:20.412748 UTC
a792089b-e23d-435f-bc18-113b7cc95e11,active,2024-10-03 23:33:36.781143 UTC
7a242d0e-309c-4915-9755-e9019d69108d,active,2024-10-03 23:33:37.536328 UTC
ca793240-b974-4551-ba0b-649d1a52956c,active,2024-10-03 23:33:56.752347 UTC
3a2313be-27d9-429f-9906-ccd142d9906c,active,2024-10-03 23:34:04.138852 UTC
474b6ebc-d09f-4270-aad1-d8b4bfd0d98c,active,2024-10-03 23:34:06.15508 UTC
be7041f0-8d78-44c5-afcc-6e6b5f339119,active,2024-10-03 23:34:09.738372 UTC
5ff4f817-e978-49a1-acac-20f4b1a886e0,active,2024-10-03 23:34:17.383023 UTC
f2b972e3-64af-41e0-a723-8696289e3cb5,inactive,2024-10-03 23:34:20.51781 UTC
d608c50a-4725-4c02-bbaa-3771509914aa,active,2024-10-03 23:34:24.307392 UTC
3f2fda7a-c60c-47bb-a4e3-e38971b5a6d2,active,2024-10-03 23:34:43.490482 UTC
aae81865-7746-4917-9f0b-78fa788e6986,active,2024-10-03 23:34:45.004785 UTC
0233b870-8996-4137-a1c8-3e4ea98180c9,active,2024-10-03 23:34:47.54671 UTC
746057d8-244f-407c-8338-0deb71d36a14,active,2024-10-03 23:34:54.945422 UTC
327f40b6-5d1a-4f50-8437-bdfb477a4d43,active,2024-10-03 23:35:06.758638 UTC
638a06b8-6a75-48d5-a943-54bc05f573cc,active,2024-10-03 23:35:18.393246 UTC
fb1ce487-93f7-485c-8a91-42cbad973386,active,2024-10-03 23:35:27.512147 UTC
0ae10fd2-556d-4db1-abc4-41acd095e9bc,active,2024-10-03 23:35:35.454051 UTC
850494bb-dab4-4607-b856-fb17b43fabda,active,2024-10-03 23:35:38.684949 UTC
4ee40a3d-4ed8-488f-acc7-44b090615105,active,2024-10-03 23:35:43.72182 UTC
cfb18211-9aed-44ed-bc0c-03535be37b48,active,2024-10-03 23:35:47.318438 UTC
2228b70e-4c0e-4e2a-8a42-3bc96a7fdd08,active,2024-10-03 23:35:51.46238 UTC
12381e87-a967-44d9-ab36-2929a53ad1ba,active,2024-10-03 23:36:00.570995 UTC
5f96a457-3b02-4de1-9999-64f16862ff1e,active,2024-10-03 23:36:07.154134 UTC
838218c4-deb0-484b-baac-f0f605acc92c,active,2024-10-03 23:36:12.825404 UTC
9ec72748-4e52-4707-8eb0-c24ece8b5aed,active,2024-10-03 23:36:34.519946 UTC
5e8b8426-3423-4294-a6b3-5aec558800a3,active,2024-10-03 23:36:46.403869 UTC
820cc2d2-005c-4079-b698-8036cea1aad3,active,2024-10-03 23:36:46.104047 UTC
10d59c9c-e83a-4ec0-b17f-d86544470cf6,active,2024-10-03 23:36:52.572534 UTC
f7812b3c-0c0c-448b-8574-f17b29c64ca3,active,2024-10-03 23:37:00.779427 UTC
03243548-0353-4656-8079-7b2f89245a58,active,2024-10-03 23:37:01.83179 UTC
6588460c-9bf8-4aa7-bb16-d6a8dad88b28,active,2024-10-03 23:37:07.692198 UTC
e24bcf9a-e7eb-4e08-b5f6-3ec3de4745b6,active,2024-10-03 23:37:14.14563 UTC
f2137b08-fe17-4ac6-b567-10af21f1ef04,active,2024-10-03 23:37:18.115493 UTC
45546d9b-74d5-4418-9a08-0a8bb5f00be4,active,2024-10-03 23:37:18.049827 UTC
2ee5c720-1bc1-4758-b67e-d56f881d36bc,inactive,2024-10-03 23:37:20.051654 UTC
eafc494d-ce26-4943-9c52-256f3152aa6e,active,2024-10-03 23:37:30.21835 UTC
9eb8c1f0-4922-4ddf-b6ca-d0fe1ca4d571,active,2024-10-03 23:37:34.097144 UTC
2f33d254-b3d9-4091-a230-ebf2c04a0fb3,inactive,2024-10-03 23:37:39.742351 UTC
7cc13c05-ba2f-4ba5-ac64-f2f32f669d84,active,2024-10-03 23:37:41.133091 UTC
c1e575b4-7d3a-479f-b279-c8355d970181,active,2024-10-03 23:37:44.16246 UTC
1e8f53db-6c6d-471c-91bf-2a5cf6f943c7,inactive,2024-10-03 23:37:44.212899 UTC
94e19d12-3635-4e1e-885c-6c916597f272,active,2024-10-03 23:37:49.59322 UTC
8c730e2e-1960-480e-94c4-b1d491c216d2,inactive,2024-10-03 23:37:54.915919 UTC
2e9dc7d8-85f4-4cb1-b72b-977df5a05170,active,2024-10-03 23:37:55.615128 UTC
089b570b-b6fc-46f3-aedf-b8e4be1c1347,inactive,2024-10-03 23:37:57.470828 UTC
6f908bd4-52bb-4b05-af67-204ff8ed3779,active,2024-10-03 23:38:03.193889 UTC
e9d2e6e3-dfbe-4c51-a7d9-8e9d3d11255c,active,2024-10-03 23:38:07.122622 UTC
3f968e02-f6e0-4c6f-a528-3a94653f3b85,active,2024-10-03 23:38:09.577344 UTC
03904864-f270-42c1-b993-9710c911509a,active,2024-10-03 23:38:10.221727 UTC
cd948be1-ce0b-4473-bcdc-f5354ca02e1a,active,2024-10-03 23:38:13.443612 UTC
5f5556a0-9f4d-490a-85a9-9f9d7c1c20f6,active,2024-10-03 23:38:15.607733 UTC
01dd1a67-9582-4c07-9c47-22990be20152,active,2024-10-03 23:38:20.390286 UTC
18d8cfca-165d-4f17-aa62-38114cf20c93,inactive,2024-10-03 23:38:21.313014 UTC
e891e0c8-6018-4172-8373-54463bb4fa92,active,2024-10-03 23:38:21.749466 UTC
f68cac2a-530d-4c27-a294-d2e7161cc471,active,2024-10-03 23:38:22.162403 UTC
80328c8d-119b-485c-9de2-2964a40e60c0,active,2024-10-03 23:38:28.40699 UTC
accd7d30-02fb-4fb0-ae26-e164a4f44b2c,active,2024-10-03 23:38:28.437435 UTC
84e00fe4-c550-41a6-a7c3-0e10cb76441f,active,2024-10-03 23:38:30.22373 UTC
dd1d6d71-9fb7-4da9-be26-4739a1a9a5d2,active,2024-10-03 23:38:30.411792 UTC
5606c205-9251-4fce-ad42-7ace8e035eef,active,2024-10-03 23:38:29.982443 UTC
c1e8e247-373e-41cb-a395-565103fd024a,active,2024-10-03 23:38:34.410363 UTC
4610c8f9-adb8-4100-910d-51a8f9615b32,active,2024-10-03 23:38:33.889291 UTC
403e48e1-cee6-4459-bed3-265f0b839533,active,2024-10-03 23:38:41.465936 UTC
ae27e21e-35e8-4e85-8b79-5a0e0a6ec82d,active,2024-10-03 23:38:43.123134 UTC
9a3d91ab-e42a-4ae4-b9b3-a8511fdc7477,active,2024-10-03 23:38:45.154644 UTC
5bbcb8d5-b46b-40d9-b7cf-8cbaed70e76e,active,2024-10-03 23:38:45.202291 UTC
2cdc301e-a8dd-411a-b870-78e8b5286fb9,active,2024-10-03 23:38:54.938082 UTC
f69571d4-046c-4862-85d2-3dbf3e064b3e,active,2024-10-03 23:38:55.927923 UTC
84233064-c786-423f-b19c-22137d103c16,active,2024-10-03 23:38:59.376602 UTC
a7e73b18-6383-4cc0-90c1-1ae41fe725e2,active,2024-10-03 23:39:06.668428 UTC
2a77eaed-c15e-4886-b8d3-69c9aa5fc9f5,active,2024-10-03 23:39:14.510533 UTC
ae2483af-617e-484a-9f03-1bb4f8fca65e,active,2024-10-03 23:39:20.799939 UTC
9bd7eda7-0bfc-4565-9471-061f680f2847,active,2024-10-03 23:39:24.9987 UTC
4dca9a9f-f326-4f54-b504-e321481e9d41,active,2024-10-03 23:39:25.303081 UTC
7801d8ab-bcdd-4acf-ac1e-0304f90ae467,active,2024-10-03 23:39:25.339153 UTC
48efb667-b873-4b86-b6f2-74a272b13cc4,active,2024-10-03 23:39:33.689754 UTC
cbbc8ff5-73f6-4499-bbe7-a379179ee5fc,active,2024-10-03 23:39:40.046963 UTC
5129ccfe-3440-4e98-a5c8-28afd6737a76,active,2024-10-03 23:39:40.864511 UTC
e9d22f1f-8e63-4a1e-89c3-b3fa750d0db4,active,2024-10-03 23:39:43.705499 UTC
ad658f16-269e-4bb1-af8d-c29f47df6f00,active,2024-10-03 23:39:45.917355 UTC
bae161a4-6583-46ed-8671-c8473e43af1c,inactive,2024-10-03 23:39:49.229175 UTC
d24aa387-1bda-478f-9233-e781118702b2,active,2024-10-03 23:39:50.169003 UTC
63f4b85d-8cea-4331-a2a8-59299a925fb4,active,2024-10-03 23:39:56.824549 UTC
27e97727-3719-41fd-93e3-361ca41e1a71,active,2024-10-03 23:40:08.23832 UTC
ab19aa77-1ded-4366-9e72-c5c06514ec5d,active,2024-10-03 23:40:10.20771 UTC
0ab1cbc7-5cdd-439b-af54-557a14b55b56,inactive,2024-10-03 23:40:10.949487 UTC
c5272cc6-e503-42a1-a424-536d02c109eb,active,2024-10-03 23:40:13.722374 UTC
e8464366-fa82-4802-8f8a-a4a15315c18f,inactive,2024-10-03 23:40:15.121263 UTC
ff546a01-1076-4a32-940b-cdca27dee2b5,active,2024-10-03 23:40:13.733214 UTC
85690cbd-c8da-49e0-b0eb-d6302eff0e0f,active,2024-10-03 23:40:21.734667 UTC
b9797987-ee11-47de-b60a-f6e31f70b945,active,2024-10-03 23:40:26.509453 UTC
6ab67bd6-8a17-4e43-b393-9a88f5292cf9,active,2024-10-03 23:40:28.627397 UTC
2f5c1898-f025-4c14-9f2e-b83c4b57d0e2,active,2024-10-03 23:40:28.749097 UTC
40632bbd-78d8-48c1-96d1-f4b088314b65,active,2024-10-03 23:40:32.523794 UTC
a1350619-7ea4-4910-a05f-d91b83f928fc,active,2024-10-03 23:40:38.086211 UTC
8bb9776c-696f-4b36-b87c-985b7ef0ce42,active,2024-10-03 23:40:39.561081 UTC
63e11aaf-ffbd-41b6-8567-b2214abe15d6,active,2024-10-03 23:40:41.914275 UTC
535059b5-566b-446b-b87e-1fc6661ff48b,active,2024-10-03 23:40:43.926675 UTC
be5fdf3f-d3fa-4c0b-af4c-b2951a91fb45,inactive,2024-10-03 23:40:51.085854 UTC
9e3c4e79-1c02-4d8e-abc6-4f33c8b3db82,active,2024-10-03 23:40:50.459423 UTC
7d4e4594-536c-4c52-bd9c-59326c1608d4,active,2024-10-03 23:40:53.611012 UTC
7fc2a3ca-9eac-4648-87a5-2e896e9a32b6,active,2024-10-03 23:40:53.223446 UTC
2312fd5a-a221-4eb2-8144-80597f8a1cdb,active,2024-10-03 23:41:01.567427 UTC
a19a8d90-b6a5-4743-988c-4a3f16828161,active,2024-10-03 23:41:01.744014 UTC
a920a0e7-c321-4733-9917-50aa8e0de1e8,active,2024-10-03 23:41:17.114947 UTC
dc235a18-b1ab-4363-a79c-56b8fb82d301,active,2024-10-03 23:41:18.705459 UTC
ac5b2ca0-e372-40cd-b61b-693d7bee02bb,active,2024-10-03 23:41:22.750662 UTC
3821f617-f9da-46f8-9585-b2b180698bb0,active,2024-10-03 23:41:25.342741 UTC
031543eb-84ff-4d73-a811-b3bb44ac0c79,active,2024-10-03 23:41:30.695942 UTC
9a909013-1d1d-42b9-a0cf-b7d1455b7260,active,2024-10-03 23:41:33.529192 UTC
78b5b775-99d4-4875-8803-cda775e254c5,active,2024-10-03 23:41:35.105626 UTC
dd97795b-c070-4af6-ad21-c665a5231e6a,active,2024-10-03 23:41:37.038832 UTC
dda91dd6-476e-4088-8688-acdcae433f7a,active,2024-10-03 23:41:39.221511 UTC
3b57c75c-34cb-4697-b2de-612e0beb4823,active,2024-10-03 23:41:52.856324 UTC
21db19ac-8cdc-4504-845c-65e4e0a23615,active,2024-10-03 23:41:52.942152 UTC
25d67545-7a1c-4a32-9bc2-0f6bec0551de,active,2024-10-03 23:41:54.740886 UTC
7ce35467-0119-46c7-b42b-c7da5d5b793e,active,2024-10-03 23:42:00.169619 UTC
23b352bf-6016-4b34-96cd-1d155ce1ccac,active,2024-10-03 23:41:57.894719 UTC
133ac8d8-8516-4407-9fe3-1385959c0d0b,active,2024-10-03 23:42:01.753367 UTC
b94b81cb-3809-494a-b49d-fb8acaebe695,active,2024-10-03 23:42:03.190362 UTC
e1be9144-4959-4424-8c7f-df67b4f09eb9,active,2024-10-03 23:42:08.281688 UTC
a5acef1c-faec-4c3e-a4de-b862e7f453a0,active,2024-10-03 23:42:09.051167 UTC
7041b005-08cc-4aa1-b668-e7023db27c0d,active,2024-10-03 23:42:10.62257 UTC
bc3111fd-2f5f-4244-baff-3d7afd5e100b,active,2024-10-03 23:42:29.678023 UTC
b071cd56-c96d-488a-82a0-1722ebc023b6,active,2024-10-03 23:42:30.709608 UTC
03edf5ed-e502-47f3-8a4a-2fe6cd05a712,active,2024-10-03 23:42:32.183865 UTC
ad70d0a7-08f8-4c1c-aebe-256d5f4d78b5,active,2024-10-03 23:42:37.656373 UTC
bb3054a5-63f9-4ce7-a7be-b90145c1a469,active,2024-10-03 23:42:50.927144 UTC
b6510d6d-37b6-4c9f-a08c-730960768afd,active,2024-10-03 23:42:51.920228 UTC
593ea6c5-600b-441f-b526-c3259c67415b,active,2024-10-03 23:42:55.349827 UTC
f6369e14-2d43-4df0-8a2b-f49fa848b653,active,2024-10-03 23:42:59.606875 UTC
1bc5b267-137e-4983-87dc-3bba68f491b3,active,2024-10-03 23:42:59.058985 UTC
2c8caeab-3275-4e5e-baea-2ba2b06a4efb,active,2024-10-03 23:43:02.942191 UTC
e93f9c64-556e-41a1-a062-9702689c16e6,active,2024-10-03 23:43:06.426253 UTC
95b66a1f-11e5-4f8c-8723-a4bb72be841e,active,2024-10-03 23:43:13.223406 UTC
82926e80-bde1-4144-8c47-047e79e95d18,active,2024-10-03 23:43:16.253003 UTC
5dc2631d-7d4d-4d64-852d-128bca82bf4e,active,2024-10-03 23:43:16.229282 UTC
77171692-33fa-4b08-b39c-53481c12eac0,inactive,2024-10-03 23:43:25.547385 UTC
4885fba1-28cc-4cbf-8845-ef62c3b81f8f,active,2024-10-03 23:43:26.459096 UTC
a176929d-7275-424c-9247-8cd5dca3c0c2,active,2024-10-03 23:43:42.270478 UTC
833f3d50-b642-4598-b0f8-af4c52beec4b,active,2024-10-03 23:43:44.258265 UTC
7e2c25cf-0b1d-49de-8d09-93d1c39ffd04,active,2024-10-03 23:43:44.308313 UTC
93f7d031-a50a-4a01-abfa-81f7ed6c2084,active,2024-10-03 23:43:45.165424 UTC
da6b3ba3-0333-40b1-98dc-15d1558c396c,active,2024-10-03 23:43:46.54129 UTC
7365a544-4de6-4ca7-aa2c-62685f35d6ff,active,2024-10-03 23:43:53.909551 UTC
909a5879-4a0e-452d-afac-174fe93c6f3c,active,2024-10-03 23:44:00.804778 UTC
11ddfc4e-f85f-4667-9bd0-ab3a73b88bbe,active,2024-10-03 23:44:05.987026 UTC
480b6c0c-9d49-4136-a7ff-ac7346ad9d94,active,2024-10-03 23:44:09.178391 UTC
eb9c7cd7-e2be-4641-9feb-bd75d25ba809,active,2024-10-03 23:44:12.196516 UTC
bb7980a5-e7b3-407b-9044-8c924f83be0b,active,2024-10-03 23:44:15.191766 UTC
b6f49639-9226-4d00-ae31-1d145be33002,active,2024-10-03 23:44:23.410574 UTC
d84202cb-ac8e-470b-b17f-ffdfd9979d01,active,2024-10-03 23:44:25.770514 UTC
b117361e-92d7-4d6c-9ad7-b7f887c9c021,active,2024-10-03 23:44:29.36851 UTC
ef969cbb-ae17-458f-b6f2-fbd683799285,active,2024-10-03 23:44:35.321743 UTC
cf432ddc-a5d7-4b57-86f4-4d12f08e1c6d,active,2024-10-03 23:44:42.297946 UTC
88cf02d2-6352-49f5-bde5-df0e3bf01bbf,active,2024-10-03 23:44:44.446862 UTC
d22ba0f8-40f5-4446-a5c2-887237ff9304,active,2024-10-03 23:44:47.540637 UTC
0a1d42a2-f6ad-4c6b-9617-375126714502,active,2024-10-03 23:44:50.184204 UTC
210b7bc7-bed6-426c-a422-f2d6046f49ec,active,2024-10-03 23:44:50.999612 UTC
bcbb0b03-342f-4009-8bc0-de96d53b6c2a,active,2024-10-03 23:44:51.80777 UTC
a858f1f0-efd6-4df3-892e-3d1aa6680189,active,2024-10-03 23:45:01.644852 UTC
d7773731-54d9-434a-a187-fd06d62ef270,active,2024-10-03 23:45:08.492117 UTC
e7ea7ffb-87b6-4198-9c88-1babd2d2fe2d,active,2024-10-03 23:45:08.717354 UTC
31408b7f-8058-41ed-9619-b4e6d3bc7cff,active,2024-10-03 23:45:12.520302 UTC
1099985e-d98b-45d4-abc3-50e333ae5b1d,active,2024-10-03 23:45:16.269285 UTC
54f92288-a3a6-488a-9a07-b4f30fa85c8a,active,2024-10-03 23:45:22.795879 UTC
5a754edf-df2a-4701-88d6-34def56b02aa,active,2024-10-03 23:45:48.925924 UTC
60878a6f-5a31-4da5-aa21-9072676f4b88,active,2024-10-03 23:45:50.15664 UTC
43b0ab6f-e5c4-410c-b7cd-bf401b70a9e6,active,2024-10-03 23:45:54.166716 UTC
adc9672e-23c4-4f7d-8416-a96504325c30,active,2024-10-03 23:45:57.240155 UTC
0ad06e9f-7eb8-4b79-94af-25c48e3b1b78,active,2024-10-03 23:46:02.872144 UTC
2791fa63-22c5-4ec2-83fd-1aa0d6b80c3d,active,2024-10-03 23:46:11.76575 UTC
d58d3735-3173-497d-88ff-bc567c32cfd0,active,2024-10-03 23:46:24.536247 UTC
f660ed62-e1d2-4e4f-ab29-9104fb0224e3,active,2024-10-03 23:46:27.405816 UTC
07e22d07-7019-4fa6-bdcf-dc328c2ece17,active,2024-10-03 23:46:29.701589 UTC
5e2884cf-dcff-4320-85b1-881105855a70,active,2024-10-03 23:46:34.972402 UTC
f6b5dd36-17e2-484c-af5d-3c9bed5ebff4,active,2024-10-03 23:46:51.522708 UTC
a05f10cc-b330-4115-b104-7bbbe5638eab,active,2024-10-03 23:47:01.093938 UTC
d4f5a61b-b3ca-4783-aacf-df4939c541a4,active,2024-10-03 23:47:02.872361 UTC
532e4e35-21c2-4dc7-ae7c-5f05449624b7,active,2024-10-03 23:47:13.002949 UTC
ce6d39f5-f3f6-40fd-aab4-a55382064977,active,2024-10-03 23:47:14.379932 UTC
ad86629c-2909-4cea-bf15-5b9685fcb616,active,2024-10-03 23:47:19.535887 UTC
0ccc4add-57b0-4d00-aaca-58c76136be59,active,2024-10-03 23:47:23.270732 UTC
dece6049-caa2-4447-a608-858531dd652d,inactive,2024-10-03 23:47:32.415845 UTC
022ba325-8587-4897-98ff-7ec3ab2882c1,active,2024-10-03 23:47:31.094406 UTC
73955864-56fe-4ceb-9626-795304935b0f,active,2024-10-03 23:47:34.766862 UTC
72a835c9-387e-4aa0-a3b2-f1d0403c8841,active,2024-10-03 23:47:43.9171 UTC
01c792cd-2acb-4dd2-89b3-9f58ee057494,active,2024-10-03 23:47:48.094444 UTC
c45f3d8d-7120-4848-898f-fd6d2d676d97,active,2024-10-03 23:48:08.130562 UTC
70fa3dd8-3285-4e32-bf4f-7f0d77fb1899,active,2024-10-03 23:48:08.966383 UTC
92921c12-2ae9-4a4e-a8b5-054070c143c2,active,2024-10-03 23:48:15.894649 UTC
5b323edb-d0a5-4c45-b177-1a38b49df06c,active,2024-10-03 23:48:19.518487 UTC
b48b7622-2416-4369-9628-554e29ecf0f7,active,2024-10-03 23:48:22.258811 UTC
33827bf2-5513-4ba1-88d2-05d474b6d14c,active,2024-10-03 23:48:25.215577 UTC
100142fe-7fb2-47d7-ab03-a9cd6eee75a0,active,2024-10-03 23:48:32.63926 UTC
85456dcf-2b6d-4d7e-a16a-ba5c413493d9,active,2024-10-03 23:48:47.32377 UTC
592d175d-3aa4-4492-9a2a-853461062cc5,active,2024-10-03 23:48:47.580079 UTC
5aeff866-38fd-4a89-9934-49922285eed8,active,2024-10-03 23:48:48.683276 UTC
ab2ff266-f66e-482a-b965-8215417cd29e,active,2024-10-03 23:48:55.186311 UTC
966f1d0c-cc52-4250-9057-f6f39ae227d6,active,2024-10-03 23:48:56.770971 UTC
47e944a1-b22c-4179-85d9-5672ba94713b,active,2024-10-03 23:48:59.597676 UTC
923e818a-0961-4476-a563-247cdf293f2c,active,2024-10-03 23:49:04.472 UTC
7f1df44f-0a2c-4d7a-914c-94629a8e4eb5,active,2024-10-03 23:49:16.519208 UTC
148391b1-76a0-4b50-9c6c-cfdbf5a2a332,active,2024-10-03 23:49:23.464136 UTC
bc99681a-5fb8-4b63-b86f-f6e88051004d,inactive,2024-10-03 23:49:26.362348 UTC
b0b5688d-c78a-44ee-af72-e2e946f854a6,active,2024-10-03 23:49:26.43784 UTC
87e38316-0f0b-48f6-990f-2ddfe79259a3,active,2024-10-03 23:49:25.427399 UTC
c1bff582-1dc5-489d-802b-d328ab0518ac,active,2024-10-03 23:49:36.580712 UTC
b6898f84-72ad-4688-ae90-d84911d022f3,active,2024-10-03 23:49:40.687368 UTC
7d823b82-f8d8-4f1e-a8d5-b855a01eeaf9,active,2024-10-03 23:49:45.021997 UTC
bab4c149-1f42-4aa6-911b-1d14c00091fa,inactive,2024-10-03 23:49:49.804706 UTC
d056756f-5b52-4dca-a4df-638266355748,inactive,2024-10-03 23:49:50.281639 UTC
bec1f028-bbf5-4bd6-94e0-f3dbc601926b,active,2024-10-03 23:49:50.511095 UTC
1d47bb18-7da5-4d68-a1f0-7cff55bfcc99,active,2024-10-03 23:49:53.888751 UTC
72cdc554-3948-431b-9112-8abe61ba5376,active,2024-10-03 23:49:53.310515 UTC
a4a7614f-5dca-4afb-ad4d-3a7540201f4e,inactive,2024-10-03 23:49:56.166072 UTC
6ecfec14-02e7-4819-bdc2-ffbd7cd07bbc,active,2024-10-03 23:50:04.099127 UTC
153c0236-08ac-4f69-9543-720125d15b5f,active,2024-10-03 23:50:06.496525 UTC
0e71b501-c981-4268-8fbd-63cdc5d285e1,inactive,2024-10-03 23:50:13.90276 UTC
c5e4b48a-2424-457c-a49f-c29b9a25b3dc,active,2024-10-03 23:50:15.943203 UTC
009c0a31-4856-4f4b-a2a1-a53145db6f45,active,2024-10-03 23:50:17.129881 UTC
0d257b29-f267-4449-aa8e-c0e783eb841b,inactive,2024-10-03 23:50:15.584503 UTC
9cb27797-5d3f-4fa5-a146-887a921fb06e,active,2024-10-03 23:50:17.540844 UTC
abc9f096-aa34-45f7-883d-0840d3907ac5,active,2024-10-03 23:50:16.45397 UTC
ef055fc4-b717-451b-a668-a784f5ccbcab,inactive,2024-10-03 23:50:27.61434 UTC
3feb998a-56a2-44ce-af85-8548f9d081a6,active,2024-10-03 23:50:32.369248 UTC
20738117-b5e5-484f-aec5-5ab563a50c1c,active,2024-10-03 23:50:40.842593 UTC
0784b45b-19ed-4e45-b825-dde04b19783b,inactive,2024-10-03 23:50:40.832889 UTC
da4612b7-aa39-42d3-a88a-341e86d86619,active,2024-10-03 23:50:54.042533 UTC
97fea5f1-dbf6-4107-9878-1c1ebcb0d01d,inactive,2024-10-03 23:50:58.358883 UTC
622f272f-2b3e-4be0-9494-8fed88268d87,inactive,2024-10-03 23:51:01.379261 UTC
82a90ca9-9b4b-4de3-be1c-c9992fc414a0,active,2024-10-03 23:51:02.800564 UTC
cc9bdba3-e477-4a2a-9224-cc305b1f43eb,active,2024-10-03 23:51:04.81595 UTC
13b3c002-1845-4a08-b9f0-0889e5b01df9,active,2024-10-03 23:51:08.734287 UTC
a03c04ec-2a54-4eb0-a204-c8d03ce7fefa,active,2024-10-03 23:51:16.096266 UTC
8489c804-fdc9-4814-ac40-2094986632fe,inactive,2024-10-03 23:51:17.026455 UTC
1d96958a-5d5c-486b-9ebc-1930ab2a29ad,active,2024-10-03 23:51:29.435113 UTC
b6a66c4e-9ac5-426f-a901-d7a053a4a36c,active,2024-10-03 23:51:30.411709 UTC
345188e9-8130-458c-b63b-4723187805c3,active,2024-10-03 23:51:33.584795 UTC
99022b7d-c1ce-4cc6-8a66-e375d25973e7,active,2024-10-03 23:51:37.184072 UTC
b0141b06-f9c6-4abb-974b-02a69895b9fb,active,2024-10-03 23:51:38.972868 UTC
b4941c10-6221-4d53-9f8f-1bb64f963fbd,active,2024-10-03 23:51:39.38773 UTC
1427aed8-3f67-4323-a874-2547ae18670a,active,2024-10-03 23:51:42.992367 UTC
c80c40ee-25c8-4472-8477-86103463660a,active,2024-10-03 23:51:47.240015 UTC
7a2e74ae-7f5e-4382-a6a2-2e5e2119655a,active,2024-10-03 23:51:53.300892 UTC
b0bf2679-bc55-40aa-9375-8a340e0b6b1e,active,2024-10-03 23:51:56.672368 UTC
45c116aa-a1cc-4933-afe7-d32c2aa7477a,active,2024-10-03 23:52:00.109496 UTC
c9902203-cfdc-4658-b9f0-4f411cca1bd7,inactive,2024-10-03 23:51:59.485262 UTC
bfe83e2c-fc19-4564-b057-7205cf9d12db,inactive,2024-10-03 23:52:02.573349 UTC
997cd76a-0619-45ad-98f1-f7be34906958,active,2024-10-03 23:52:03.85133 UTC
645ec50d-b371-42b4-aa16-14b654b9f650,active,2024-10-03 23:52:05.739779 UTC
de41deb3-c348-445e-8171-c78a07d8eb49,active,2024-10-03 23:52:06.054569 UTC
5092a34d-282c-48e6-9391-9ec0a13fd4c4,active,2024-10-03 23:52:08.266244 UTC
65f8b53c-9bb8-4124-8011-fb5f58359433,active,2024-10-03 23:52:14.107114 UTC
ab39cf54-be48-4f2b-8446-c3d9dcee7927,active,2024-10-03 23:52:17.101717 UTC
140bb3cb-ae21-459a-a66d-46f5ba6dd958,inactive,2024-10-03 23:52:17.032864 UTC
bab07197-bed9-4f19-9a13-5bc1bb7c4bbb,active,2024-10-03 23:52:18.585024 UTC
0b737678-e76a-405d-a13a-3715b3240199,inactive,2024-10-03 23:52:22.153005 UTC
dd48e457-b41e-4c9f-ac2f-0c823606f120,active,2024-10-03 23:52:25.855988 UTC
3e7859bd-9a16-487c-9b46-115082dd74a5,active,2024-10-03 23:52:28.10541 UTC
ff2140ad-7b57-4e33-9e56-d984b9267ef5,active,2024-10-03 23:52:27.46432 UTC
cdd819ee-875a-48da-b61e-9d32f202ae6e,active,2024-10-03 23:52:28.725556 UTC
5eb365c4-a2f4-4f92-8be4-4c81cc550570,active,2024-10-03 23:52:29.503302 UTC
5871bb77-b06c-4e16-981f-5356934b520e,active,2024-10-03 23:52:32.510366 UTC
e5c86a78-02c7-4cc5-9952-344582f102d2,inactive,2024-10-03 23:52:34.664872 UTC
3cedaa03-37cb-42a0-a3d5-188084872732,active,2024-10-03 23:52:35.990462 UTC
741951a3-7ccd-4234-b5a1-10a13fe84817,inactive,2024-10-03 23:52:37.516779 UTC
805418a4-3f52-4cbc-89be-571708e06a03,active,2024-10-03 23:52:38.959349 UTC
e525d900-c41c-4a6d-ac3f-846425729567,active,2024-10-03 23:52:42.00138 UTC
1274a4f9-fd6f-4eaa-99b9-a1e67a01e19b,inactive,2024-10-03 23:52:45.501707 UTC
1e62e0bc-0737-4eaa-bf07-a58ac2f1ec36,inactive,2024-10-03 23:52:45.848755 UTC
5cb80902-b9a9-4a3d-8c8b-52d8a3379bb4,active,2024-10-03 23:52:47.83799 UTC
e511445a-9ec3-4f26-833a-e4f3f77d232d,active,2024-10-03 23:52:49.264248 UTC
f684b326-7ca2-46bb-a29e-69fcdf527392,active,2024-10-03 23:52:51.436968 UTC
e0023b51-c2cc-453a-ac0b-f07491b1873f,active,2024-10-03 23:52:54.88671 UTC
cf737fea-3cb6-43ef-9947-ee3cf14afbd9,active,2024-10-03 23:52:56.927761 UTC
bfe94125-700b-425c-9e84-e09d415cc5b7,inactive,2024-10-03 23:52:57.007019 UTC
aa18d583-5a3c-4c25-a5e0-fdefe2c8a1e6,active,2024-10-03 23:53:02.979156 UTC
331c5996-72b9-485f-89cb-83ff27f2f4aa,active,2024-10-03 23:53:03.537364 UTC
8484bd50-6025-412b-89c3-4c0f25b4f4a2,active,2024-10-03 23:53:05.517482 UTC
42b80028-65d7-4875-a737-1aa15c90e11a,active,2024-10-03 23:53:08.088279 UTC
12cd50cb-4979-4fbf-9cfe-81ec55806ce8,active,2024-10-03 23:53:08.391482 UTC
40ceaee7-47cd-4ae0-ade7-64b106a5cae7,active,2024-10-03 23:53:11.688993 UTC
6ae89082-26e3-4fa9-a061-ed7b45646f6f,inactive,2024-10-03 23:53:14.00162 UTC
610edb56-2baa-4f9b-84ae-37ec2ca87ff3,inactive,2024-10-03 23:53:13.026245 UTC
83bdfe31-f43e-493a-a213-73d96a972c47,active,2024-10-03 23:53:14.835999 UTC
0ea9d2fc-17cf-4d77-9147-b4775864b5e1,inactive,2024-10-03 23:53:17.897003 UTC
79c3b00e-7cc6-4772-a9d8-bf3d35675151,inactive,2024-10-03 23:53:20.446554 UTC
9cfcfd70-04b5-40b7-a82c-ab31dd77d790,active,2024-10-03 23:53:21.356561 UTC
af0ebfc2-fbb0-4551-ae6e-e5091f54f94a,active,2024-10-03 23:53:27.044797 UTC
c62a7bfd-5d07-4cd4-a962-01a4844d20e3,active,2024-10-03 23:53:27.5297 UTC
4a5970bb-ab3b-4103-8bdd-d8604751d1ff,inactive,2024-10-03 23:53:27.845857 UTC
5b6b6ac0-d133-45c8-9bdb-24eaff3ba946,active,2024-10-03 23:53:31.482456 UTC
97cbc4cf-4ced-4436-94df-fcbdb8e70bed,active,2024-10-03 23:53:39.128279 UTC
689be64a-7d3c-440d-88dd-db05a0d20b07,inactive,2024-10-03 23:53:39.08143 UTC
fe4e40d3-9fc4-4c37-bd19-ea2f20768b0b,inactive,2024-10-03 23:53:49.848426 UTC
5f58859f-95f8-43ae-96cb-cf4a88d0c7df,active,2024-10-03 23:53:57.682651 UTC
d673a8ea-0c61-4c2f-929d-177faa2cd111,active,2024-10-03 23:53:58.052257 UTC
94afd1a1-3c80-496c-ab89-8c77c4c17952,active,2024-10-03 23:53:59.711848 UTC
363bb990-16bd-4d37-b59f-e019b196846e,active,2024-10-03 23:54:01.00809 UTC
d7bd0144-e92f-4fae-a27c-b1f9063c4d0f,active,2024-10-03 23:54:02.250834 UTC
a31edf38-fdc9-4087-b9b4-f5d95727cb42,active,2024-10-03 23:54:07.286102 UTC
cfc6686d-49a1-4a81-acd7-f61cf903d84e,active,2024-10-03 23:54:10.256025 UTC
ee393086-5079-44e5-8e4a-74070100bfbc,active,2024-10-03 23:54:19.672915 UTC
08a80ec8-2f56-4462-aa33-4792249cc456,inactive,2024-10-03 23:54:22.650862 UTC
40f15c73-4395-4a21-8bb4-197ae40afe2e,active,2024-10-03 23:54:23.410904 UTC
006c9910-9126-4bb9-b5d8-cd37bc14790b,inactive,2024-10-03 23:55:01.605873 UTC
731005e8-7812-46a5-a7a8-84d53771a7e4,active,2024-08-31 23:54:59.609986 UTC
c9b38f1e-a4cf-42c2-97fb-5996f80a5d2a,inactive,2024-08-31 23:55:02.130613 UTC
db4b3efc-0367-47fd-a93a-fc6317a48764,active,2024-08-31 23:55:02.788531 UTC
d04e656c-a6b5-48a4-b6a0-09d7b681e953,active,2024-08-31 23:55:09.361238 UTC
1c5fdd59-cb6e-4763-a502-9a8baefb426e,inactive,2024-08-31 23:55:20.637264 UTC
8d2550a7-8d0b-44f4-a70e-5474d2a0dd2b,active,2024-08-31 23:55:20.494005 UTC
2ed01188-7f1c-45ab-ba0b-8df8bfcfec2e,active,2024-08-31 23:55:35.13826 UTC
81fe8f25-2e90-4a1c-9c14-bb40328a7b39,active,2024-08-31 23:55:50.480908 UTC
fc3aaaee-b3a0-4adb-877e-f4df6ddbb349,active,2024-08-31 23:55:51.104647 UTC
876f10f7-f36e-4633-9b8d-91af4d1cd649,active,2024-08-31 23:56:01.357527 UTC
cf3764f7-c67c-492a-aead-ad7ddb06b3f7,active,2024-08-31 23:56:05.645964 UTC
a76a4e96-a655-4110-adbe-393daa1d6532,inactive,2024-08-31 23:56:04.268654 UTC
fa22ab08-0cf1-44a6-9409-30df3dffee63,inactive,2024-08-31 23:56:08.303769 UTC
875611e7-659b-4839-aa48-78588aa0f666,active,2024-08-31 23:56:41.273388 UTC
25290595-d78a-41f6-821f-5362637d2542,active,2024-08-31 23:56:42.082395 UTC
167d0552-ce21-4e65-a135-c43558e07d54,inactive,2024-08-31 23:56:45.10036 UTC
95a12b0a-2692-4558-b1c0-2abe3a8855f7,active,2024-08-31 23:56:52.353817 UTC
e6d12c87-cc44-49dc-97df-bb36b7a40841,active,2024-08-31 23:56:52.442865 UTC
febbc75c-9697-445f-8cd5-b96b4c703470,active,2024-08-31 23:57:16.987829 UTC
d47111a8-c418-4655-9725-bed8a09fbf92,inactive,2024-08-31 23:57:23.369738 UTC
f5fbae5c-2669-4b4c-a84f-e0e9cf7bdc76,active,2024-08-31 23:57:26.290243 UTC
8594d606-bee9-4233-840e-83ca8e385760,active,2024-08-31 23:57:36.166576 UTC
c5e4b48a-2424-457c-a49f-c29b9a25b3dc,active,2024-08-31 23:57:44.258475 UTC
50f680bd-2577-410e-b71d-da0950fe3bd9,active,2024-08-31 23:58:03.23615 UTC
160c8d91-9eca-4487-ac3d-cbaf13a8a247,inactive,2024-08-31 23:58:08.998644 UTC
313ac91d-fe9b-4f44-82e8-58f7a2ab3f10,active,2024-08-31 23:58:27.103487 UTC
67d5fd30-914e-4ed1-9bad-85f74eff77ab,inactive,2024-08-31 23:58:54.633186 UTC
74945755-6e6b-4e42-94b1-1036d8d1cda0,inactive,2024-08-31 23:59:05.208182 UTC
791141f7-8994-4a9c-b2f1-c094e1528b07,active,2024-08-31 23:59:07.102971 UTC
c99aa7cf-53e7-496e-9f21-a301eca6a779,active,2024-08-31 23:59:16.610991 UTC
e7fdcecc-6e9d-4009-a174-de5186444904,active,2024-08-31 23:59:20.66297 UTC
866b2f28-0d80-44fb-8170-925e93c29ef3,active,2024-08-31 23:59:27.367742 UTC
45bde40d-a666-427d-a37f-34ead7b3b6c1,active,2024-08-31 23:59:37.328604 UTC
c70b0ef3-cffb-4c65-b4b8-b3b8972edd3b,inactive,2024-08-31 23:59:37.690356 UTC
04462056-c979-46a1-bd3b-f1ed1dad404b,active,2024-08-31 23:59:48.142376 UTC
5b6b6ac0-d133-45c8-9bdb-24eaff3ba946,active,2024-08-31 23:59:52.532024 UTC
df6dc796-8ce9-4ccb-a4b0-36371bc382ff,active,2024-08-31 23:59:57.797303 UTC
472802d9-b023-4f94-b4ac-2a8c14d7d24c,active,2024-09-27 23:08:16.708509 UTC
07a320ae-e5ee-4a3c-b78e-8e4529026189,inactive,2024-09-27 23:08:25.6528 UTC
b4439c93-5b15-43d0-8854-0b4067e26f67,inactive,2024-09-27 23:08:40.585377 UTC
a80ac32b-614a-455b-89b6-cec65c167620,active,2024-09-27 23:08:45.960864 UTC
e71c1861-0179-4a95-9795-4e87c8fcde65,active,2024-09-27 23:08:46.251482 UTC
70545b51-59db-41bb-9cbd-cd1c7342ec95,inactive,2024-09-27 23:08:47.243979 UTC
0fb49f61-2dd2-4ba8-87b5-4c9f2c0e748e,active,2024-09-27 23:08:51.966743 UTC
2a07b2ca-79ba-4efe-b5b3-13f0942857c2,inactive,2024-09-27 23:08:49.507248 UTC
70545b51-59db-41bb-9cbd-cd1c7342ec95,active,2024-09-27 23:08:55.55229 UTC
35ae94d0-e2ef-4aa6-bcfe-cae4df5b0bc0,active,2024-09-27 23:08:56.871471 UTC
f52c96e6-3658-48d4-b8a8-ff1651189dcd,active,2024-09-27 23:08:57.89794 UTC
7090f542-6336-4856-8211-8427a250f668,inactive,2024-09-27 23:09:01.506835 UTC
d44bc78d-c3e9-4422-b539-f07d3dc19df4,inactive,2024-09-27 23:09:05.514731 UTC
fbcf2fbb-648e-48e5-ae4b-aaf2b6870913,active,2024-09-27 23:09:06.903855 UTC
ae2483af-617e-484a-9f03-1bb4f8fca65e,active,2024-09-27 23:09:16.501397 UTC
5a67dd42-77cd-40e0-833e-a4c749d2781c,active,2024-09-27 23:09:25.522214 UTC
71817b8b-841f-40c1-ae14-391e2c0dc44b,active,2024-09-27 23:09:25.591185 UTC
5f6c3ee2-5e45-4d9a-9948-f5ac22fc4b7d,active,2024-09-27 23:09:26.986203 UTC
9bd7eda7-0bfc-4565-9471-061f680f2847,active,2024-09-27 23:09:35.707883 UTC
572b44f5-251f-443e-a0ad-8e992ca1962e,inactive,2024-09-27 23:09:45.594855 UTC
c9d35a3e-9f73-430e-b419-fdc215f79fb5,active,2024-09-27 23:09:54.700752 UTC
71a6dec1-e151-4f1a-9a4a-1b12a6f2aa1a,active,2024-09-27 23:10:07.261343 UTC
62ecaed2-7dfc-4510-8fc2-2034b3cff91d,active,2024-09-27 23:10:09.303067 UTC
3fb3d3cf-3fe7-4c7b-8474-26af5e25d756,inactive,2024-09-27 23:10:17.534203 UTC
08fbdf80-23c7-45ef-af61-4d96eef55939,inactive,2024-09-27 23:10:24.388422 UTC
05f9c84d-2aa9-4d8b-a0c6-b6238a7659dd,active,2024-09-27 23:10:26.708764 UTC
082390d5-018f-4c46-900a-002334f86d75,inactive,2024-09-27 23:10:30.805791 UTC
271758aa-c8c9-47da-9378-1de6f4dc30f7,active,2024-09-27 23:10:34.124084 UTC
cbbc8ff5-73f6-4499-bbe7-a379179ee5fc,active,2024-09-27 23:10:43.483244 UTC
2f3c997f-af21-4a2a-86c9-1adedca7961d,active,2024-09-27 23:10:43.500749 UTC
e021824c-6ab6-4027-b8af-6a0cf6a08f77,active,2024-09-27 23:10:43.803449 UTC
3233ab20-4991-4699-b6d5-c332e58f824f,active,2024-09-27 23:10:53.365317 UTC
b0aba79a-8970-4b0d-8986-4981ba6fbaf8,active,2024-09-27 23:11:03.075671 UTC
189c70c8-f3ec-49df-8239-5985ace4c8cf,inactive,2024-09-27 23:11:03.77953 UTC
4bd0fc1f-6d5e-4f5f-baa5-6fedc00c3def,inactive,2024-09-27 23:11:07.998583 UTC
95b66a1f-11e5-4f8c-8723-a4bb72be841e,active,2024-09-27 23:11:20.172704 UTC
9f669af0-c870-4397-848f-3cf56986c2a3,inactive,2024-09-27 23:11:21.833951 UTC
3f2fda7a-c60c-47bb-a4e3-e38971b5a6d2,active,2024-09-27 23:11:25.087657 UTC
d24aa387-1bda-478f-9233-e781118702b2,active,2024-09-27 23:11:33.558612 UTC
82926e80-bde1-4144-8c47-047e79e95d18,active,2024-09-27 23:11:34.312613 UTC
1103179b-05dc-47e0-a64c-b3879aa096d7,inactive,2024-09-27 23:11:36.476633 UTC
7011b2be-1ed4-448e-8565-702e2740dd8e,inactive,2024-09-27 23:11:43.170419 UTC
899a56e2-5111-4ad0-9da1-0c96058c026a,inactive,2024-09-27 23:11:49.461493 UTC
a1b91f50-3cc6-43ad-b803-5d179ea0a124,inactive,2024-09-27 23:12:02.326337 UTC
06fec79a-9873-488a-9c6b-494c8294924b,inactive,2024-09-27 23:12:04.000738 UTC
2b106e20-c9c3-4a9b-b6a4-0b38a467e0a7,active,2024-09-27 23:12:17.77881 UTC
0afb1f47-3f8c-4243-b2cd-5c6406d5a4bc,active,2024-09-27 23:12:20.665959 UTC
a2baf926-1bff-4b0f-93f8-f947a4160a1e,inactive,2024-09-27 23:12:21.861773 UTC
083ed017-8335-4f5a-a366-c5bef530a704,active,2024-09-27 23:12:28.49198 UTC
22a9dbf7-82e5-4dc0-8fb2-26c0acde8195,active,2024-09-27 23:12:30.439843 UTC
5270d179-d6cf-4ae8-a13c-874b7c9c5499,active,2024-09-27 23:12:41.871138 UTC
021a3c1a-8328-4b6a-96a7-9fecc6975fd0,active,2024-09-27 23:12:41.777162 UTC
604a4b2a-2202-4289-a0b6-fd863a6cbfd2,active,2024-09-27 23:12:41.501173 UTC
0509ef68-88a9-4cce-8616-6e5020fa6082,inactive,2024-09-27 23:12:48.86887 UTC
1a16feb0-abcb-4c45-a57a-246c7efab9e2,active,2024-09-27 23:13:00.178677 UTC
f940086a-eb3d-47f2-8234-ebd78266400a,active,2024-09-27 23:13:01.272353 UTC
7fe93e00-b46f-4f8c-82d9-1030032d522a,active,2024-09-27 23:13:06.559335 UTC
6b6d9bbf-f235-4334-8710-619a744d0243,active,2024-09-27 23:13:09.309601 UTC
19d6f935-5013-4756-aa27-cb5028b7d9be,inactive,2024-09-27 23:13:18.111904 UTC
c5272cc6-e503-42a1-a424-536d02c109eb,active,2024-09-27 23:13:19.532859 UTC
03d6ef9e-9da3-4c40-81a8-76b698c58af1,active,2024-09-27 23:13:20.58556 UTC
8f072f27-7769-4aa0-9048-3a42e0b82c96,active,2024-09-27 23:13:21.761772 UTC
fc43d054-ffa2-4715-a461-cbf250119994,active,2024-09-27 23:13:40.766886 UTC
10442a84-8d19-49d1-b3a9-cf83c783b65b,active,2024-09-27 23:13:42.273271 UTC
3ef6458a-6a20-4039-8d0c-499eea5c9bde,active,2024-09-27 23:13:56.398494 UTC
7db5c949-cbda-46a3-a4fc-c447c7f10a58,inactive,2024-09-27 23:13:58.351048 UTC
9cfbc6f0-d438-4796-b3de-a430831e11bf,active,2024-09-27 23:13:58.856578 UTC
14e34985-6519-489f-abcc-9f8923812fa9,inactive,2024-09-27 23:13:59.462025 UTC
a176929d-7275-424c-9247-8cd5dca3c0c2,active,2024-09-27 23:14:09.886573 UTC
7e2c25cf-0b1d-49de-8d09-93d1c39ffd04,active,2024-09-27 23:14:19.760616 UTC
6ab67bd6-8a17-4e43-b393-9a88f5292cf9,active,2024-09-27 23:14:27.642119 UTC
525314c1-5383-4d93-aa12-7dbe50448a34,active,2024-09-27 23:14:35.356552 UTC
b406b00c-a9b9-42d7-99b0-7c42474ebd77,active,2024-09-27 23:14:38.65139 UTC
84a37057-debf-4036-abee-74bb04ca58ae,inactive,2024-09-27 23:14:36.915676 UTC
cb772e81-8af8-427f-9cc2-18fcf38b0799,active,2024-09-27 23:14:38.421027 UTC
1e76a537-fe7e-49fe-bc22-4b2a7b5cff0a,active,2024-09-27 23:14:50.358037 UTC
63cb9137-cfde-443a-9f33-33204c78e0f4,active,2024-09-27 23:14:56.733244 UTC
ead054c4-5290-4e3c-a84f-626f0f029902,inactive,2024-09-27 23:14:58.134034 UTC
1b1cf7ec-0e22-4143-8552-76bb3335ff49,inactive,2024-09-27 23:15:06.861332 UTC
f044ec1a-a4a6-4758-8118-cc4aa68ad47c,active,2024-09-27 23:15:06.684908 UTC
75e66c75-98e9-4d40-acb5-0deb7ca0bdc6,inactive,2024-09-27 23:15:08.841609 UTC
90132906-8554-4b05-a020-476926f2ff41,active,2024-09-27 23:15:15.364639 UTC
b8d95168-60d0-42b9-b63a-d839ecb5aefb,active,2024-09-27 23:15:16.495625 UTC
b935c05c-fbb6-4501-9f9a-1d4030d9082f,active,2024-09-27 23:15:18.359314 UTC
f3bc3ebb-e78e-4135-99ec-402252c7418f,active,2024-09-27 23:15:25.596282 UTC
8e5321bd-074c-46e6-a706-b7de57817752,active,2024-09-27 23:15:27.182657 UTC
39951338-1558-430b-8047-5c14378f40e7,inactive,2024-09-27 23:15:28.594792 UTC
535059b5-566b-446b-b87e-1fc6661ff48b,active,2024-09-27 23:15:36.667953 UTC
dc256c1c-0727-4a06-b7ac-c8c79a5fef79,active,2024-09-27 23:15:38.859197 UTC
76f4ea55-0d2c-4e51-b86f-5cd992daa81b,active,2024-09-27 23:15:55.358912 UTC
0cb18ddb-c9e1-497f-9229-99752e41144f,active,2024-09-27 23:15:55.274413 UTC
a0c119ad-b6c1-4488-89b7-bf93c24875e4,inactive,2024-09-27 23:15:57.921539 UTC
264bc16a-293e-498d-bdf7-df231171e875,active,2024-09-27 23:15:56.760667 UTC
b91c8987-0d4e-44a4-bb15-3811cdaf9f4b,inactive,2024-09-27 23:16:03.979988 UTC
86983f6d-e914-4b6b-b9bb-075ff87d9832,active,2024-09-27 23:16:16.596896 UTC
7d4e4594-536c-4c52-bd9c-59326c1608d4,active,2024-09-27 23:16:23.830557 UTC
89ae011b-4597-4210-9e31-e412e1aae85a,inactive,2024-09-27 23:16:30.595226 UTC
3f646d0a-4522-4f6c-8872-228f0274ccaf,inactive,2024-09-27 23:16:32.561648 UTC
e540351f-738f-4eab-9574-a061d7ec806e,active,2024-09-27 23:16:33.447251 UTC
3f32e8b5-2303-477b-9ef0-6a52dd9a1891,inactive,2024-09-27 23:16:36.050188 UTC
3e2c5d5f-9529-4252-866d-f0fd81e5ffc5,active,2024-09-27 23:16:41.414218 UTC
eb9c7cd7-e2be-4641-9feb-bd75d25ba809,active,2024-09-27 23:17:07.130459 UTC
fcf6fd98-7a11-4e9b-92f5-dfdcc6f5cc25,inactive,2024-09-27 23:17:10.531287 UTC
dc63305e-e737-42d4-8731-b07425561ff6,active,2024-09-27 23:17:12.291986 UTC
ae3a009e-b89d-4142-b142-fb99e631c91f,active,2024-09-27 23:17:12.723135 UTC
34928585-79c6-4c24-992f-7a03cad28641,active,2024-09-27 23:17:19.784036 UTC
970fedb0-be4c-412e-aa34-42441bc74ac2,inactive,2024-09-27 23:17:22.129586 UTC
a42f603c-fd5f-4690-afca-56a5847b428b,active,2024-09-27 23:17:31.587931 UTC
ada61de6-ae55-41ac-afca-afe767d44fde,inactive,2024-09-27 23:17:34.928911 UTC
58aab40a-71ab-4d28-bc9e-f4e7030a9b7c,active,2024-09-27 23:17:36.252802 UTC
de43d684-0bd9-40bf-9ca0-3e42e4f54c1e,active,2024-09-27 23:17:50.378072 UTC
eb9390d1-d437-44a2-954c-e604f7941a0e,active,2024-09-27 23:17:51.288849 UTC
239ae42b-d4c4-4aab-bff9-c64f4feebd9e,inactive,2024-09-27 23:17:54.828142 UTC
a3b5bcef-dd0d-4159-979a-b96af3184dd8,active,2024-09-27 23:17:55.799555 UTC
f01481f7-7f96-4bb2-af82-aac59d7e72cb,inactive,2024-09-27 23:17:55.47029 UTC
da923591-37d7-442d-8aa3-e17970629b66,active,2024-09-27 23:18:02.262746 UTC
2125c2d1-809a-402d-b17c-77da526515e8,active,2024-09-27 23:18:05.811334 UTC
37b4716e-f78c-48f5-84c7-fec6306ac541,inactive,2024-09-27 23:18:09.262188 UTC
a920a0e7-c321-4733-9917-50aa8e0de1e8,active,2024-09-27 23:18:10.503486 UTC
dc235a18-b1ab-4363-a79c-56b8fb82d301,active,2024-09-27 23:18:20.109975 UTC
fcf6fd98-7a11-4e9b-92f5-dfdcc6f5cc25,active,2024-09-27 23:18:24.077254 UTC
8d7ee308-2e89-446d-aac4-92276869036c,active,2024-09-27 23:18:29.953668 UTC
9bb308ee-46ad-49ee-a69e-9184e1a63bab,active,2024-09-27 23:18:33.697653 UTC
7b3d0e97-cff1-4afa-add9-74cde5cb16a7,active,2024-09-27 23:18:34.852387 UTC
d8c80705-de1b-419a-8e0d-86bb34d29bff,inactive,2024-09-27 23:18:36.961126 UTC
2d4153be-2b1c-4e8c-a96b-1c2f3ade2db2,active,2024-09-27 23:18:44.923291 UTC
85febafc-a8fc-457c-9cd6-217923577964,active,2024-09-27 23:18:55.446547 UTC
97695fb7-9460-4fff-b2fd-348f519808fe,active,2024-09-27 23:19:08.659472 UTC
96e29a61-3372-48c1-9e39-70e90422836a,active,2024-09-27 23:19:13.33675 UTC
5ad6ae7c-9c37-45f3-bb50-f6c431de8872,active,2024-09-27 23:19:24.077339 UTC
b76906bc-ad71-45e6-8241-ce1239fb602b,active,2024-09-27 23:19:23.908555 UTC
c2a7bea8-09ce-445b-b8d3-146f7fd2e1a6,active,2024-09-27 23:19:27.906215 UTC
b86c20f2-56b1-4f37-a3ee-827449d71650,active,2024-09-27 23:19:28.454907 UTC
a33fc88e-0277-49d0-8eb6-f6d1177db494,active,2024-09-27 23:19:42.030838 UTC
1fb33b77-bfbf-42a4-b023-6a218bf30fc4,inactive,2024-09-27 23:19:47.678072 UTC
811f385e-413b-4713-a090-3d3bc78c546d,active,2024-09-27 23:19:47.828589 UTC
67d400ed-6169-4864-8e9a-c3683ac7262f,active,2024-09-27 23:20:09.681671 UTC
ae95a608-76f0-4038-a9dc-43069229a03d,active,2024-09-27 23:20:19.593247 UTC
8a8b6b4f-ab04-4892-b0b6-f021b3caf5e2,inactive,2024-09-27 23:20:31.618265 UTC
8e2e0717-e61c-40a5-b3cd-28e5a5de701a,inactive,2024-09-27 23:20:33.219542 UTC
4592d296-b37a-4f0e-8c2d-323260c53ec8,active,2024-09-27 23:20:35.781826 UTC
14819fb5-12e8-45f2-b0b1-2f4312fd7a07,active,2024-09-27 23:20:42.53729 UTC
ae7324cb-f34d-438c-bb48-a3367a3983b3,active,2024-09-27 23:20:43.367305 UTC
b9236bb8-ad33-49a8-9381-184cd2f7b4dc,active,2024-09-27 23:20:52.316962 UTC
07ac5d39-ff8c-4d99-87d7-3376c65aa834,active,2024-09-27 23:21:05.804979 UTC
eeeee0ab-4d27-4816-930e-3397cef61a17,inactive,2024-09-27 23:21:10.639773 UTC
23b352bf-6016-4b34-96cd-1d155ce1ccac,active,2024-09-27 23:21:14.79385 UTC
e2e7a7ca-5b59-4165-9fa5-8f551a3d02fe,active,2024-09-27 23:21:24.729265 UTC
981dd0dc-1b9e-4549-ada9-07467c793851,active,2024-09-27 23:21:31.464648 UTC
7ce35467-0119-46c7-b42b-c7da5d5b793e,active,2024-09-27 23:21:34.408901 UTC
244d84a4-dc9a-46ae-b1e6-2e590732ce14,inactive,2024-09-27 23:21:39.708418 UTC
4dd20c80-b724-4773-982f-db188ce93986,inactive,2024-09-27 23:21:39.001464 UTC
b94b81cb-3809-494a-b49d-fb8acaebe695,active,2024-09-27 23:21:43.930072 UTC
e847b666-c68b-4b12-a110-4de044a4f52a,active,2024-09-27 23:21:43.743902 UTC
3a603c8f-92ca-499a-a8cd-bd55735671a9,inactive,2024-09-27 23:21:49.874837 UTC
f4031478-c362-4564-a7e1-b786351f8858,active,2024-09-27 23:21:52.594477 UTC
cdc83b31-a7b9-410b-8bca-5272806a85ac,active,2024-09-27 23:21:53.647544 UTC
9262cd88-3925-435d-8c08-be3eaaba2e5e,active,2024-09-27 23:22:04.362255 UTC
a6545d60-dff8-44c6-81da-8b3f60347165,active,2024-09-27 23:22:16.889139 UTC
79ec537f-b161-46e0-9a18-726e634842f7,active,2024-09-27 23:22:21.380752 UTC
7041b005-08cc-4aa1-b668-e7023db27c0d,active,2024-09-27 23:22:23.15313 UTC
865911b4-e3c8-47f5-b7b5-f677dcae0072,active,2024-09-27 23:22:30.010474 UTC
70a30f8a-6bfd-41c6-bc86-4ca3417c4546,inactive,2024-09-27 23:22:35.857458 UTC
622f6cec-5d65-474a-b672-0b729b7e861d,active,2024-09-27 23:22:49.232104 UTC
f773aa22-eac6-48d5-a77d-d004d5834fee,inactive,2024-09-27 23:22:50.305509 UTC
56ad48ba-13bd-4224-85eb-5e2c3c1b154c,active,2024-09-27 23:22:51.008004 UTC
2a5ab316-b424-4982-8f02-9262a60811ac,active,2024-09-27 23:22:53.179455 UTC
8949af6b-69ea-487e-888d-70ec104321d9,active,2024-09-27 23:22:54.923609 UTC
b011058e-216f-42f1-974d-2591511d63d0,active,2024-09-27 23:23:09.225073 UTC
fcf6fd98-7a11-4e9b-92f5-dfdcc6f5cc25,active,2024-09-27 23:23:24.03029 UTC
0635382c-90bb-4fc0-ad07-1fd196e03aab,inactive,2024-09-27 23:23:27.623908 UTC
09dd70d2-72d0-4269-b10b-739420acde31,inactive,2024-09-27 23:23:28.190475 UTC
84bd34e5-1300-411a-9360-aa128c053d1f,active,2024-09-27 23:23:29.024852 UTC
0eb76f7a-284b-4d02-8a21-c35ceefaeced,inactive,2024-09-27 23:23:32.477265 UTC
dc413311-1ace-470e-ae13-607316267290,active,2024-09-27 23:23:58.651818 UTC
a6de50fe-43e6-4cad-860c-f0f264e991f4,inactive,2024-09-27 23:24:00.315719 UTC
a1838af4-71d2-40f3-98bd-001573fb7c2a,active,2024-09-27 23:24:06.95169 UTC
2c3d06cb-331c-4069-92aa-7bf268166f70,active,2024-09-27 23:24:10.376967 UTC
eec74816-9766-49bb-a232-2c3ce814a9be,active,2024-09-27 23:24:12.01652 UTC
f366cb4c-bc87-47b7-80c9-56018009064a,inactive,2024-09-27 23:24:14.110315 UTC
b048555f-56c0-4af5-b1b9-a672530298b6,active,2024-09-27 23:24:19.270179 UTC
5f78fc63-3eb1-48c6-b4f7-02f3159322c9,active,2024-09-27 23:24:27.881655 UTC
b61be1c1-8b71-404a-85c9-092869002590,inactive,2024-09-27 23:24:28.985895 UTC
19907551-d16f-4f59-bbb9-bc6f8e2a1f01,inactive,2024-09-27 23:24:28.308225 UTC
7eb58a3b-00df-44ae-9ae0-432e017b5d1f,active,2024-09-27 23:24:37.585338 UTC
b7474ca0-8205-44c2-bbe3-e164e48464ff,inactive,2024-09-27 23:24:56.19798 UTC
241157ac-8149-4c3d-8182-20d0326400f7,active,2024-09-27 23:24:58.756532 UTC
45e1810f-80e7-49a0-a8da-2dc9afc85c94,active,2024-09-27 23:25:07.974943 UTC
7197a3f7-d3a1-47a2-bdeb-42753b113871,active,2024-09-27 23:25:11.117391 UTC
90f9d96a-53f0-49bf-b541-962181b39006,active,2024-09-27 23:25:12.510369 UTC
af4ca22d-17cb-4502-8565-10500d93dff6,active,2024-09-27 23:25:17.974095 UTC
6725b078-44c6-48d4-8f38-d60b0277a310,active,2024-09-27 23:25:21.880627 UTC
e5d35571-6e31-42b1-a597-1bea7a6aaaa7,inactive,2024-09-27 23:25:26.131916 UTC
31adbc0c-6adb-4418-8b80-a05f27538be4,inactive,2024-09-27 23:25:28.501271 UTC
23f9f7ac-75da-44e1-b683-598cbaf40db1,active,2024-09-27 23:25:37.408393 UTC
e2ee905b-d3f3-4127-b280-430c924a2906,active,2024-09-27 23:25:37.644201 UTC
b94ec4d0-884e-4da4-82f0-f55c6fcc83f0,inactive,2024-09-27 23:25:45.23029 UTC
29acd182-f9c2-49da-97ce-a63a5f0f095f,active,2024-09-27 23:25:46.263151 UTC
379575ff-5f19-4de6-b11d-1aea575f8a6c,inactive,2024-09-27 23:25:52.387436 UTC
23924ea4-f183-4633-b5f3-408eac835651,active,2024-09-27 23:25:55.912646 UTC
ff6503b6-820b-4bec-951b-07938c85f157,active,2024-09-27 23:25:56.962237 UTC
6761bad4-0440-4a36-8a42-3ffe8bb94bd8,active,2024-09-27 23:25:58.816009 UTC
2c7f4cbb-b7b1-4720-b324-bb6cfcf493cc,active,2024-09-27 23:26:05.195024 UTC
364b3704-e291-498d-8f44-31b57afc121d,inactive,2024-09-27 23:26:24.1727 UTC
2c8caeab-3275-4e5e-baea-2ba2b06a4efb,active,2024-09-27 23:26:25.47303 UTC
5a754edf-df2a-4701-88d6-34def56b02aa,active,2024-09-27 23:26:26.669062 UTC
e1c238bb-c081-4884-998d-87a2e5dc7dcf,inactive,2024-09-27 23:26:27.542115 UTC
0b2ffa63-52ad-489a-bbec-9f73de2b45e8,active,2024-09-27 23:26:40.773414 UTC
8f920bff-bba7-4b2c-a5a3-c6c14add3c2a,active,2024-09-27 23:26:45.003784 UTC
93d3cb27-4c75-425a-bff6-75cc131a4ab2,inactive,2024-09-27 23:26:44.852783 UTC
c7a9d57e-ea9b-4978-b141-863e4cc45345,active,2024-09-27 23:26:45.434907 UTC
30fddd8d-de45-4ea5-8fc9-d32ff7cd233e,active,2024-09-27 23:26:46.241388 UTC
23d8a87a-e950-475b-8917-f68d36747d9a,active,2024-09-27 23:26:55.073803 UTC
f640024e-93cb-4e71-90ed-3699620cd3d4,inactive,2024-09-27 23:26:56.727972 UTC
6a2239d1-f29b-4028-bf34-36fb88e7d453,inactive,2024-09-27 23:27:03.836514 UTC
472c7abd-1aaf-486b-aae8-0214aeb82df6,active,2024-09-27 23:27:07.304412 UTC
619d44de-b65e-4465-ae72-b7b30fa66b59,active,2024-09-27 23:27:14.789087 UTC
5dc2631d-7d4d-4d64-852d-128bca82bf4e,active,2024-09-27 23:27:23.684951 UTC
162d8345-cae8-4692-bb02-77a44a657388,active,2024-09-27 23:27:24.258264 UTC
8d2f9b4d-6b58-464c-9d40-ea4e30806f47,inactive,2024-09-27 23:27:40.979088 UTC
f8d68797-2323-47b7-919f-47951b6a108f,inactive,2024-09-27 23:27:44.167822 UTC
23ae0fef-a5cd-4a37-9a56-b163813035e6,active,2024-09-27 23:27:44.878845 UTC
43e5d7f6-5458-473d-b30d-e34674f25dee,active,2024-09-27 23:27:53.879885 UTC
01611b02-d799-4a60-840a-38f16fdaf84b,active,2024-09-27 23:27:55.986924 UTC
ed0ded74-276b-4972-9269-d4aa91adad98,inactive,2024-09-27 23:28:02.579331 UTC
45e2e0ab-26f8-4622-a02f-0b71c87a319c,active,2024-09-27 23:28:02.242108 UTC
259495e8-b1de-4b8a-9f3d-0464e7835dd8,inactive,2024-09-27 23:28:06.087436 UTC
e756d3fd-2a9b-4376-a259-cbece75b3d4c,inactive,2024-09-27 23:28:22.405022 UTC
2791fa63-22c5-4ec2-83fd-1aa0d6b80c3d,active,2024-09-27 23:28:22.983197 UTC
3052e479-d0cb-48e9-8c4b-d153727c898a,active,2024-09-27 23:28:23.337683 UTC
b02e5816-56c6-4bef-9405-98de50839eba,inactive,2024-09-27 23:28:24.772258 UTC
f3dd8edc-2ca9-4358-a325-21f1829f2c86,inactive,2024-09-27 23:28:32.700201 UTC
e096fc01-9a3d-49c0-a37d-52a0b01e0a48,inactive,2024-09-27 23:28:42.201407 UTC
35c15197-e66f-4024-a285-22f63ddcd2aa,active,2024-09-27 23:28:51.538412 UTC
eb596971-cf19-4c8c-afb3-eabe0550c8ed,active,2024-09-27 23:29:01.415997 UTC
71d56317-ecdd-4482-9c77-ebc1dd870b5b,active,2024-09-27 23:29:01.108401 UTC
baa60b43-b4ee-472b-93a1-397d5bb86bf2,inactive,2024-09-27 23:29:04.752085 UTC
493c9878-1900-4235-a6d8-2e424c998f19,active,2024-09-27 23:29:11.153844 UTC
73fc5b4f-e277-4f06-94e2-00a6d35c4522,inactive,2024-09-27 23:29:18.924944 UTC
c5d22b77-a3b6-48c5-a958-55dd5e760c91,active,2024-09-27 23:29:20.314035 UTC
0e778630-cc42-40a0-9b44-18602454c90f,active,2024-09-27 23:29:31.651588 UTC
831453a0-6b6c-478f-b864-613d8d3139f8,active,2024-09-27 23:29:31.721533 UTC
93f7d031-a50a-4a01-abfa-81f7ed6c2084,active,2024-09-27 23:29:39.906169 UTC
d5d1d040-8e0a-4d07-bfa2-ce6254d0a88a,inactive,2024-09-27 23:29:40.71181 UTC
704a1da9-c299-46e9-8ee0-4678e5cc53fc,active,2024-09-27 23:29:41.501484 UTC
da6b3ba3-0333-40b1-98dc-15d1558c396c,active,2024-09-27 23:29:50.173712 UTC
3715e391-8778-4453-b687-2893894e29d8,active,2024-09-27 23:29:59.011026 UTC
d58d3735-3173-497d-88ff-bc567c32cfd0,active,2024-09-27 23:30:10.780277 UTC
31f8159a-9401-44a4-bb92-c0206ff3483e,inactive,2024-09-27 23:30:09.330523 UTC
7365a544-4de6-4ca7-aa2c-62685f35d6ff,active,2024-09-27 23:30:18.385618 UTC
35ee45da-e89b-4d4b-9c79-04559eec664e,inactive,2024-09-27 23:30:19.38735 UTC
6243d5f4-a9a2-4841-bf44-0dce6cec93a0,active,2024-09-27 23:30:40.482628 UTC
fbf38bdf-ff1c-4221-9442-7c13c72579fb,inactive,2024-09-27 23:30:46.272677 UTC
909a5879-4a0e-452d-afac-174fe93c6f3c,active,2024-09-27 23:30:47.465682 UTC
e89c4078-d92d-4dba-8465-c452e91b3170,active,2024-09-27 23:30:50.437419 UTC
d1b302f4-5593-4482-b410-61c5ad784dbf,inactive,2024-09-27 23:31:02.402506 UTC
18e6317d-9e44-4996-bd7e-f33da104d065,active,2024-09-27 23:31:02.80272 UTC
0ecb240a-05f3-416e-b2aa-8cd4478fcdbd,active,2024-09-27 23:31:07.280982 UTC
401d4b74-b07b-414f-ac79-ccba9a47081a,active,2024-09-27 23:31:16.784743 UTC
e1ffedf2-d225-4e18-a86a-977c31ce21c1,active,2024-09-27 23:31:17.242941 UTC
8c9cd597-ff9c-4809-948e-3a4d14e1f1f8,inactive,2024-09-27 23:31:18.665139 UTC
a76fa00b-781f-435a-89a7-49b91b99a6f4,active,2024-09-27 23:31:26.457919 UTC
566f4a08-a154-4a1c-bc2e-57085df31edb,active,2024-09-27 23:31:31.493727 UTC
3ecb5ed1-4136-48ce-b571-a6406c9a549b,inactive,2024-09-27 23:31:31.223629 UTC
1dfdbc9b-4561-45af-a8d8-e7ac3217582c,active,2024-09-27 23:31:37.92601 UTC
5e1d0bac-45e5-490f-a289-76bd9872e7e1,active,2024-09-27 23:31:45.108524 UTC
c3a47814-3ee9-4a52-b6be-a0d7a7919a94,active,2024-09-27 23:31:47.213317 UTC
6e4d62f4-6733-4c46-8ca7-82ef99137e8d,active,2024-09-27 23:31:58.642273 UTC
545beba5-93d1-4cdf-81b0-d83bd5a41a32,active,2024-09-27 23:31:58.750525 UTC
2fc20ef5-6582-4d6a-b8fc-f91f188b967b,active,2024-09-27 23:32:05.236173 UTC
a2e05d42-50d5-4127-885b-9fa228ba8b8c,active,2024-09-27 23:32:14.90103 UTC
7bae1884-0c0f-4902-9aac-b0a85341aa89,active,2024-09-27 23:32:14.106968 UTC
d7f0485c-bd65-4c52-9ace-f5ef3f67ed62,active,2024-09-27 23:32:34.306685 UTC
a6ed4324-d793-41fd-91af-bca2141a234d,active,2024-09-27 23:32:37.218257 UTC
88062eae-f6cf-4bb9-a485-6bdbd02f4a33,active,2024-09-27 23:32:36.894331 UTC
d84202cb-ac8e-470b-b17f-ffdfd9979d01,inactive,2024-09-27 23:32:43.929637 UTC
b223e45e-5688-4044-bcac-26b12961c7a8,inactive,2024-09-27 23:32:50.198988 UTC
1a15b430-0b81-405a-82ca-c0957ecd4b38,active,2024-09-27 23:32:52.804692 UTC
53e2c25c-c665-4966-bacb-f4c9c9a28784,active,2024-09-27 23:33:05.672761 UTC
eabd6698-da6b-4334-b36a-e83db00af880,active,2024-09-27 23:33:07.472652 UTC
eb06a2b7-13be-44f4-adb0-48aa74be4b08,active,2024-09-27 23:33:13.184744 UTC
96497ba4-06ed-4afc-a7fb-67686ba02707,inactive,2024-09-27 23:33:23.039773 UTC
ef969cbb-ae17-458f-b6f2-fbd683799285,active,2024-09-27 23:33:32.496584 UTC
0890433c-1729-4973-a1d3-a9fd4b8fef04,active,2024-09-27 23:33:32.890086 UTC
0de090df-f7c7-452e-9893-349563cc02d6,active,2024-09-27 23:33:35.79376 UTC
a05f10cc-b330-4115-b104-7bbbe5638eab,active,2024-09-27 23:33:46.429675 UTC
7a230e56-7021-41d0-a46b-0eb3c072324e,inactive,2024-09-27 23:33:50.974159 UTC
22b73d5b-62d6-42ef-8a0f-bbd06d3d1b17,inactive,2024-09-27 23:34:05.031676 UTC
d4f5a61b-b3ca-4783-aacf-df4939c541a4,active,2024-09-27 23:34:04.966868 UTC
b16659ed-94cb-4597-b21a-6c7ff32d1573,active,2024-09-27 23:34:06.44519 UTC
9c8e341c-31c4-46f5-a8b0-a6554c2be7a9,active,2024-09-27 23:34:15.893139 UTC
6297a66f-373c-42e2-b3ce-9f8b2670b929,inactive,2024-09-27 23:34:16.155917 UTC
72a7653b-cb1b-4b27-96bf-856e080b52c1,inactive,2024-09-27 23:34:19.978473 UTC
8f25db43-14a6-48b9-a7e7-7ea16867ebab,active,2024-09-27 23:34:25.48425 UTC
0a1d42a2-f6ad-4c6b-9617-375126714502,active,2024-09-27 23:34:41.091765 UTC
2a7cbe72-a537-460d-b421-44cd990895e5,inactive,2024-09-27 23:34:47.038275 UTC
10c81ddb-a95f-4205-ab40-8413a52d5175,active,2024-09-27 23:34:45.977231 UTC
22e91e8a-5c29-4a2f-ae66-488829c0a68f,inactive,2024-09-27 23:34:54.377293 UTC
532e4e35-21c2-4dc7-ae7c-5f05449624b7,active,2024-09-27 23:34:55.228807 UTC
77a3213d-e29a-44ec-9a41-eca0c1ef9d3e,active,2024-09-27 23:35:00.666011 UTC
4315436c-a97a-4dd4-87fe-121692326bf3,inactive,2024-09-27 23:35:01.34261 UTC
fddb1888-d460-42f4-ba68-2d8c03b2528a,active,2024-09-27 23:35:08.935127 UTC
11a2369b-80a9-45a9-a24f-a2ecb8fb928c,inactive,2024-09-27 23:35:13.877928 UTC
ba519add-a4e0-42a7-a559-8bf6aa108ad0,active,2024-09-27 23:35:14.858813 UTC
f34b5124-d482-43fa-9884-d00ddd087ac9,inactive,2024-09-27 23:35:15.449065 UTC
05c68e05-c705-41a7-b69d-e45575fa3203,active,2024-09-27 23:35:24.868157 UTC
e4e5a663-c422-4175-be32-49fdd55e988c,inactive,2024-09-27 23:35:33.656947 UTC
ad86629c-2909-4cea-bf15-5b9685fcb616,active,2024-09-27 23:35:35.151469 UTC
1d9f723e-bd9e-4dc4-afa0-8cb2ac45540e,active,2024-09-27 23:35:39.229329 UTC
410828e6-b8b4-46a0-aabf-8fe03e6f7a90,inactive,2024-09-27 23:35:38.149999 UTC
a4d20d76-fa31-408d-9528-18b0757c60a4,inactive,2024-09-27 23:35:54.285798 UTC
d7773731-54d9-434a-a187-fd06d62ef270,active,2024-09-27 23:35:58.531277 UTC
5c11567d-512e-43b5-bfb2-f5692c759562,active,2024-09-27 23:36:03.755847 UTC
3e6fb25e-214a-4c93-b86b-da29c6064881,active,2024-09-27 23:36:08.504947 UTC
022ba325-8587-4897-98ff-7ec3ab2882c1,active,2024-09-27 23:36:13.793265 UTC
dffb9566-1963-4162-8621-802b5cf0deb6,active,2024-09-27 23:36:17.937095 UTC
aee36120-f012-4320-ae54-d0112cd383ae,active,2024-09-27 23:36:33.290755 UTC
330d54f4-4428-4308-9d22-eb4b6dfcdd74,active,2024-09-27 23:36:39.799213 UTC
88f4a0f8-2168-44c1-8540-77d9c75178ce,active,2024-09-27 23:36:43.283679 UTC
178eff4b-2a5c-4f03-859b-57a9c37cac0f,inactive,2024-09-27 23:36:46.919058 UTC
178eff4b-2a5c-4f03-859b-57a9c37cac0f,active,2024-09-27 23:36:52.677644 UTC
da86ec4a-8565-4435-aebf-a9b850203299,inactive,2024-09-27 23:36:56.918505 UTC
6b2ee90d-bac7-4ff1-a9f7-1c4ebaec127a,active,2024-09-27 23:36:59.479242 UTC
73955864-56fe-4ceb-9626-795304935b0f,active,2024-09-27 23:37:02.580786 UTC
c54c22a7-7a91-4ce0-a32d-194bdf45b2c6,active,2024-09-27 23:37:07.236216 UTC
d497fe9a-54c1-4706-8b7f-75b062c84a19,inactive,2024-09-27 23:37:13.92868 UTC
2dbea5bf-8a87-4e03-9bce-7806c755e478,active,2024-09-27 23:37:22.294979 UTC
bc99681a-5fb8-4b63-b86f-f6e88051004d,inactive,2024-09-27 23:37:23.045536 UTC
8a504135-378e-486a-aa81-546c500acc11,active,2024-09-27 23:37:35.265915 UTC
9d824bcd-b889-4067-ad3a-6fc4122fc754,active,2024-09-27 23:37:35.701016 UTC
e69c44fb-54f0-4813-aed2-db564dff42ed,active,2024-09-27 23:37:42.174614 UTC
3a919bbe-22a1-4cd9-89ae-5830837078e7,active,2024-09-27 23:37:51.830715 UTC
453ca30b-5b8f-490e-86fc-949356838961,active,2024-09-27 23:37:54.853794 UTC
64ecfdc1-0867-47d2-b8e1-fea593a61c64,active,2024-09-27 23:38:04.765591 UTC
7638cfd7-2925-4a2e-aaae-0b74bbbfe623,inactive,2024-09-27 23:38:05.670182 UTC
f6df14f4-8942-42cd-8ce2-238682bdaa9b,inactive,2024-09-27 23:38:09.991981 UTC
f6370d4e-c759-4b76-9716-405e6a8129b6,active,2024-09-27 23:38:11.946213 UTC
ca9e07ff-d79b-4e06-b10f-d31ba130775f,active,2024-09-27 23:38:14.340926 UTC
452012a8-697b-4bf6-8798-937228c1ed8b,active,2024-09-27 23:38:17.073846 UTC
82eedff3-5c5b-40f6-b912-df34f8e0c064,active,2024-09-27 23:38:29.502679 UTC
53fa921b-4445-40a0-86e7-7765746ed738,inactive,2024-09-27 23:38:32.708194 UTC
216d082f-b747-496f-a200-a71244da6e01,active,2024-09-27 23:38:34.005143 UTC
72d445f9-ef1d-4afe-a237-f108170eb374,inactive,2024-09-27 23:38:49.188576 UTC
bab4c149-1f42-4aa6-911b-1d14c00091fa,inactive,2024-09-27 23:38:51.539331 UTC
e445f11c-428a-4c3a-87a3-92427002ea7f,active,2024-09-27 23:39:03.093093 UTC
1cfc893d-3968-4607-9fb7-962331787cec,active,2024-09-27 23:39:07.031908 UTC
ccf2bb44-9eb7-4e72-b397-23db553e4ff7,active,2024-09-27 23:39:10.766402 UTC
a4a7614f-5dca-4afb-ad4d-3a7540201f4e,inactive,2024-09-27 23:39:13.982673 UTC
98a1bad7-6717-49c3-82ea-87b82269dd43,active,2024-09-27 23:39:22.036411 UTC
e78b052f-a63d-4ec4-b3cd-8bd91391c5fc,inactive,2024-09-27 23:39:28.245345 UTC
fc3a9a2f-b29b-40b0-bc46-a80f25d81d10,active,2024-09-27 23:39:30.181182 UTC
867fd2b2-ea99-4978-875b-8e47439981fc,active,2024-09-27 23:39:33.067344 UTC
d43ffaa9-e8bb-4229-9569-b81898dab4d6,active,2024-09-27 23:39:42.189014 UTC
99a9f201-86dd-4949-abe2-b0f96f1a33bc,inactive,2024-09-27 23:39:42.251283 UTC
363ee67a-a708-4f54-aaf0-8fc3e3b20cd7,active,2024-09-27 23:39:51.114316 UTC
f75dcf24-ea4b-41e1-a908-6f8da16b32cd,active,2024-09-27 23:39:56.893208 UTC
b1bacab0-2d51-47b4-951c-c1ae36296b9c,active,2024-09-27 23:40:02.469421 UTC
13b4c99f-e70c-43e8-95a4-ee242688c8f5,active,2024-09-27 23:40:04.485624 UTC
e5039465-d25c-4a1f-86a2-d1da0b74ccef,active,2024-09-27 23:40:07.853535 UTC
af5b359c-2e15-4ad1-a8b4-a6ad1c511e91,active,2024-09-27 23:40:11.199412 UTC
0e71b501-c981-4268-8fbd-63cdc5d285e1,inactive,2024-09-27 23:40:17.180267 UTC
a22839ef-4841-4074-ab1d-f356ae348ee8,active,2024-09-27 23:40:18.85369 UTC
8e613068-8266-4217-9478-dfa7ba4106df,active,2024-09-27 23:40:21.04818 UTC
e367dc58-2978-491b-8240-56ad1b730470,inactive,2024-09-27 23:40:27.456635 UTC
44705416-4ca2-4b1d-8c71-4ea20cbccce4,inactive,2024-09-27 23:40:30.246599 UTC
0d257b29-f267-4449-aa8e-c0e783eb841b,inactive,2024-09-27 23:40:38.537422 UTC
b94116a9-5bfa-4930-9e10-2a165bd581fd,active,2024-09-27 23:40:49.428084 UTC
f5db9d9e-5f57-4a92-9c98-52f742eaa417,active,2024-09-27 23:40:49.881072 UTC
007257d2-73df-4c35-8a67-859f988b63f0,active,2024-09-27 23:40:58.380427 UTC
5772e2bd-71ea-42df-ab58-9c7697069c73,active,2024-09-27 23:41:00.245085 UTC
01ec731b-b8d5-4de7-a557-2d78816129f9,inactive,2024-09-27 23:41:07.191536 UTC
f70fcc46-8a01-44a3-a64e-a1086393f0ce,active,2024-09-27 23:41:10.252821 UTC
92921c12-2ae9-4a4e-a8b5-054070c143c2,active,2024-09-27 23:41:11.205259 UTC
2d4ab455-88eb-45e2-9501-fcc7369c48c7,active,2024-09-27 23:41:18.475076 UTC
78569346-b40d-45fa-88b1-37a228c592aa,inactive,2024-09-27 23:41:22.777919 UTC
a33f0bea-5499-4ba2-aec5-304e10342dad,active,2024-09-27 23:41:24.788827 UTC
092389b6-ad83-432b-9032-dbbfd9240ddd,inactive,2024-09-27 23:41:26.495907 UTC
7e9137e1-9765-46ae-acce-52f39a3d9fcd,active,2024-09-27 23:41:29.635043 UTC
1aefe3d0-071c-4512-afb3-13b9b617d206,active,2024-09-27 23:41:37.200739 UTC
bddfd551-379a-492d-8a3b-27495dbfec68,active,2024-09-27 23:41:37.954214 UTC
383682ea-7eb2-419f-80de-26542753328b,inactive,2024-09-27 23:41:46.339448 UTC
57cbcbe1-dc80-4584-87bc-d103f0741b06,active,2024-09-27 23:41:48.418269 UTC
7b32388f-e432-4918-8f2c-776878f2dc76,inactive,2024-09-27 23:41:57.589995 UTC
4adfbf3b-c98c-4f1e-bbe7-9538abec98c2,inactive,2024-09-27 23:42:02.38905 UTC
46f2418a-0d60-4ba4-a4f7-32e80475ae0c,inactive,2024-09-27 23:42:06.270259 UTC
ea047d9a-3335-4ebd-8aaf-06455ae082b4,active,2024-09-27 23:42:08.17472 UTC
51fe1ef5-48e8-46bc-abc1-f5b7608a3c3b,active,2024-09-27 23:42:16.377125 UTC
8761599c-4882-4313-b525-b26e964a5a49,active,2024-09-27 23:42:26.542506 UTC
079c8703-2de8-4e41-a0db-7c8b192dc05c,active,2024-09-27 23:42:35.880873 UTC
d5766687-8f47-4ea6-87a6-7699a30c4ee6,active,2024-09-27 23:42:46.536231 UTC
23937dc8-b486-4fe5-aaba-f7fb51ee057b,active,2024-09-27 23:42:55.726945 UTC
ff5a8b11-1177-4d81-a5b0-62e7285da3b2,inactive,2024-09-27 23:42:59.471549 UTC
f7f97ab9-bd6a-4947-bcf7-21ddf5b232db,active,2024-09-27 23:43:00.261667 UTC
4be78071-a877-4933-a748-580eb29a11bc,active,2024-09-27 23:43:05.509485 UTC
09f658e0-10ee-469c-af5a-e44f74646cc3,inactive,2024-09-27 23:43:13.260874 UTC
6a2b72c3-34fc-45e9-85a4-2985f198decc,inactive,2024-09-27 23:43:15.030721 UTC
598ca771-4b36-4564-8220-359792ea85ec,active,2024-09-27 23:43:22.385564 UTC
1445362d-45fa-4c3e-8b5e-ec560b5ea57c,inactive,2024-09-27 23:43:24.377907 UTC
8825db6f-a586-42a6-a6a4-b1c040366edc,active,2024-09-27 23:43:24.60409 UTC
3bf22dfe-ba97-4988-b3d6-89d9effe16e7,active,2024-09-27 23:43:25.087946 UTC
654e2f00-f052-4b7f-a036-76396d46ab46,active,2024-09-27 23:43:34.374813 UTC
6eb4f195-076f-405b-bd7f-de46985b8589,inactive,2024-09-27 23:43:35.167624 UTC
a9d56f89-0a00-401b-9c7b-6be813f954c6,active,2024-09-27 23:43:44.491734 UTC
2fb326b0-2f8a-4519-803b-625d37dbc721,inactive,2024-09-27 23:43:44.877835 UTC
7d5cc906-8328-498a-9a13-d5abd18d628c,active,2024-09-27 23:43:45.568104 UTC
f6b5dd36-17e2-484c-af5d-3c9bed5ebff4,active,2024-09-27 23:43:53.672717 UTC
5dc35819-148f-403d-b856-f753dd38ea80,active,2024-09-27 23:43:57.96256 UTC
430ba4e6-331e-4b2e-be40-0a264d9c8247,inactive,2024-09-27 23:44:04.095473 UTC
592d175d-3aa4-4492-9a2a-853461062cc5,active,2024-09-27 23:44:13.962604 UTC
3f2376e6-5111-4d12-9865-54af77e19d26,active,2024-09-27 23:44:22.886399 UTC
81ec6a19-4afa-4262-846f-d984bdf4943e,active,2024-09-27 23:44:23.722307 UTC
7197a4c2-1928-4f52-ae85-9a3396aea104,inactive,2024-09-27 23:44:32.72391 UTC
2ca17e3e-8f9c-479d-9cb4-2f6536b5d3dc,active,2024-09-27 23:44:37.597752 UTC
f895efca-793a-43f8-a99f-5134e653fa15,active,2024-09-27 23:44:42.595565 UTC
b30fa364-6eab-44c9-8413-72b709abd859,active,2024-09-27 23:44:43.333641 UTC
d45ae8f2-819a-4172-ad4f-7b75c1fd127f,active,2024-09-27 23:44:52.706704 UTC
fefec6c9-1b0d-4e0f-b5dc-86711c84e42f,active,2024-09-27 23:44:53.346746 UTC
9a81e798-43ae-4147-9402-361f02b98689,active,2024-09-27 23:45:01.614517 UTC
966f1d0c-cc52-4250-9057-f6f39ae227d6,active,2024-09-27 23:45:05.519032 UTC
7643e697-28d7-45a0-ace7-4094d2a2cbab,inactive,2024-09-27 23:45:20.34008 UTC
bde8333e-2e73-498d-a4cb-df5972476205,active,2024-09-27 23:45:23.213311 UTC
99e2f23b-535b-4e14-9665-1b11b1b2b93b,inactive,2024-09-27 23:45:23.099448 UTC
c4cea598-d44b-4fb5-8a74-4c9768719209,active,2024-09-27 23:45:30.74552 UTC
3a9d7e89-32c2-41ba-ae5a-0b09e1170c81,inactive,2024-09-27 23:45:34.051898 UTC
4c30b594-f387-4e8f-852b-4f2f4760ed66,inactive,2024-09-27 23:45:42.575393 UTC
dbfd4198-d72b-4840-a8b9-947fdcc2d25a,active,2024-09-27 23:45:50.375786 UTC
fe4d6193-1364-4540-a472-4060fde22ef9,inactive,2024-09-27 23:45:52.480233 UTC
8ab78b9a-78a6-407c-9828-09fbe4ff4a44,active,2024-09-27 23:45:59.782625 UTC
d6fbc481-470c-4a8b-9a0b-9c6235d1d99e,active,2024-09-27 23:46:03.733979 UTC
cc629734-fe17-457e-a434-0295d24343a7,active,2024-09-27 23:46:10.553104 UTC
0ccc4add-57b0-4d00-aaca-58c76136be59,active,2024-09-27 23:46:19.466295 UTC
06ad5ed8-6501-4d6e-8cb5-5cc2c657bf0a,active,2024-09-27 23:46:21.751095 UTC
5f5556a0-9f4d-490a-85a9-9f9d7c1c20f6,active,2024-09-27 23:46:21.506308 UTC
31faf575-56c6-4547-a0d0-381ad76a54c3,inactive,2024-09-27 23:46:22.954482 UTC
9705026b-788b-4fc5-a644-578964745343,inactive,2024-09-27 23:46:30.385785 UTC
18d8cfca-165d-4f17-aa62-38114cf20c93,inactive,2024-09-27 23:46:41.557648 UTC
7574aa5e-993a-4597-a255-ca6e5dd2c072,active,2024-09-27 23:46:48.492444 UTC
dece6049-caa2-4447-a608-858531dd652d,active,2024-09-27 23:46:58.090634 UTC
accd7d30-02fb-4fb0-ae26-e164a4f44b2c,active,2024-09-27 23:47:00.002524 UTC
68d8cb3a-8cde-4045-b9fd-f5aa81480624,inactive,2024-09-27 23:47:06.198426 UTC
5faf9371-a7ae-417f-8af0-a69568f5e452,active,2024-09-27 23:47:08.09012 UTC
a41aff61-b861-4408-98e5-3ba2798ac1ed,active,2024-09-27 23:47:12.574822 UTC
05ba7e4d-7f9a-4e24-9688-d77977f2ef3c,active,2024-09-27 23:47:12.645907 UTC
84e00fe4-c550-41a6-a7c3-0e10cb76441f,active,2024-09-27 23:47:19.703077 UTC
2dfb64c4-32cd-485c-a656-464f9971a388,active,2024-09-27 23:47:41.439323 UTC
de41deb3-c348-445e-8171-c78a07d8eb49,active,2024-09-27 23:47:58.49768 UTC
7bbeba14-6df0-4370-8595-4a70330bb337,active,2024-09-27 23:47:59.114501 UTC
377e9255-f392-4b8d-b1e2-1443176dfd6e,active,2024-09-27 23:47:59.298227 UTC
01c792cd-2acb-4dd2-89b3-9f58ee057494,active,2024-09-27 23:48:05.986834 UTC
b0b5688d-c78a-44ee-af72-e2e946f854a6,active,2024-09-27 23:48:09.1156 UTC
a8b8c7a4-86c4-4b04-a6c8-21627d8e9df8,inactive,2024-09-27 23:48:14.602889 UTC
867a2af1-4619-4faa-b8a2-6d3bbd50688e,active,2024-09-27 23:48:24.972958 UTC
846200ef-278d-410f-9193-7e1f2b818ba8,active,2024-09-27 23:48:26.131117 UTC
9c573b1d-d256-4bfe-86fe-bfa4161522bf,active,2024-09-27 23:48:35.278865 UTC
140bb3cb-ae21-459a-a66d-46f5ba6dd958,inactive,2024-09-27 23:48:37.168836 UTC
ab337beb-cdd1-4b4a-9198-2a44e6d17e9d,inactive,2024-09-27 23:48:38.597483 UTC
43a0c880-42e2-4ba8-ace3-cea6639206d3,active,2024-09-27 23:48:54.699151 UTC
e44034d4-99c0-4136-9609-9b38bca3b5d3,active,2024-09-27 23:48:55.029962 UTC
f69571d4-046c-4862-85d2-3dbf3e064b3e,active,2024-09-27 23:48:57.801097 UTC
a8820734-0192-48d9-8c97-cd1eb15feb67,active,2024-09-27 23:48:58.900193 UTC
dd48e457-b41e-4c9f-ac2f-0c823606f120,active,2024-09-27 23:49:04.028814 UTC
f1c8d9fc-c386-45ab-bd13-bb0bad43d7af,active,2024-09-27 23:49:07.634371 UTC
539c7878-a017-4a91-beb1-07cc4015c6e2,inactive,2024-09-27 23:49:17.617494 UTC
01e38f5a-0a56-4668-b0d1-9af60bbe4fb5,inactive,2024-09-27 23:49:20.572254 UTC
8642d3a5-6b92-4026-b4a6-cfb107bd75b8,active,2024-09-27 23:49:27.809103 UTC
73469764-54fa-4fd6-aa92-572fe558ade6,inactive,2024-09-27 23:49:37.226961 UTC
c45f3d8d-7120-4848-898f-fd6d2d676d97,active,2024-09-27 23:49:43.571784 UTC
ea26a67e-0d01-4cdd-9487-659e6d43f445,active,2024-09-27 23:49:46.01324 UTC
c9a763d7-5eab-44a1-bd3a-86e76d27dba2,active,2024-09-27 23:49:52.316415 UTC
0dac031c-ab82-4e0d-ba97-e550bf055d69,inactive,2024-09-27 23:49:53.527741 UTC
6f762096-d90d-43bc-8c09-7620f9feb1e9,active,2024-09-27 23:49:57.021156 UTC
bec1f028-bbf5-4bd6-94e0-f3dbc601926b,active,2024-09-27 23:50:06.69904 UTC
55653fa5-825c-4071-9add-0e71d8891e89,active,2024-09-27 23:50:12.597995 UTC
132b73ef-0769-40d9-9b7e-b74b4b4a6158,inactive,2024-09-27 23:50:13.848878 UTC
1e62e0bc-0737-4eaa-bf07-a58ac2f1ec36,inactive,2024-09-27 23:50:29.658305 UTC
5b323edb-d0a5-4c45-b177-1a38b49df06c,active,2024-09-27 23:50:32.207018 UTC
50c4de08-33c4-4a73-92d1-c8f31c1bd0e8,active,2024-09-27 23:50:32.47329 UTC
d9337fcf-f224-4817-848e-f8d4acf4d9f9,inactive,2024-09-27 23:50:35.708116 UTC
3c729b49-2659-41e8-a3c7-83327e578d63,active,2024-09-27 23:50:36.107088 UTC
12977046-2137-459c-892c-6fc6dededa10,active,2024-09-27 23:50:51.676261 UTC
4dca9a9f-f326-4f54-b504-e321481e9d41,active,2024-09-27 23:50:55.766378 UTC
3c74fa52-0019-4b1b-acfb-c2fa349b068b,inactive,2024-09-27 23:50:56.279216 UTC
33827bf2-5513-4ba1-88d2-05d474b6d14c,active,2024-09-27 23:51:01.201242 UTC
91faae8a-b42d-4bee-a13e-5a67df639db9,inactive,2024-09-27 23:51:05.530673 UTC
d94b1bf1-1a4b-4929-bde9-9f5805aa832f,active,2024-09-27 23:51:21.167369 UTC
c325af4d-4f00-42ba-8e27-9c82d607f50a,active,2024-09-27 23:51:21.784733 UTC
510628ba-a977-4acd-b2eb-7a9a1f5f799f,active,2024-09-27 23:51:35.724632 UTC
d4dcfe72-4dd6-4e30-a176-4a853bae32d3,inactive,2024-09-27 23:51:36.002799 UTC
ad30ae93-a289-43c7-b4e8-0561eb03854a,active,2024-09-27 23:51:40.926079 UTC
9e12cf37-9ef1-4ae0-8ddb-12260b905af6,inactive,2024-09-27 23:51:52.178826 UTC
204a42e4-1d4f-4629-8a12-700b4bef7817,inactive,2024-09-27 23:51:54.426984 UTC
3489a5fb-6160-40f5-b8d8-580a8bfe9073,active,2024-09-27 23:52:00.698397 UTC
f2c3ff35-4650-4f3c-a96d-89c1855b9170,inactive,2024-09-27 23:51:59.87402 UTC
b42ce7a2-2ecd-4b40-b30f-f79573a88dd1,active,2024-09-27 23:52:04.786227 UTC
610edb56-2baa-4f9b-84ae-37ec2ca87ff3,inactive,2024-09-27 23:52:06.222702 UTC
a3dbeade-cb4d-4a73-aebb-c886e83b72ca,inactive,2024-09-27 23:52:14.148561 UTC
aec31305-3984-49b3-bc3a-dec7750f1e77,active,2024-09-27 23:52:18.331542 UTC
6ae89082-26e3-4fa9-a061-ed7b45646f6f,inactive,2024-09-27 23:52:20.193073 UTC
88657d7a-0c3d-435d-bfd5-3a62c2fc8f2e,active,2024-09-27 23:52:29.082662 UTC
009c0a31-4856-4f4b-a2a1-a53145db6f45,active,2024-09-27 23:52:35.191893 UTC
85456dcf-2b6d-4d7e-a16a-ba5c413493d9,active,2024-09-27 23:52:38.887068 UTC
c3657293-f2fe-4aab-b829-03e76611376f,active,2024-09-27 23:52:43.731485 UTC
979cc8a7-537b-4fc0-ba2f-ec41864f2b53,active,2024-09-27 23:52:44.404611 UTC
79c3b00e-7cc6-4772-a9d8-bf3d35675151,inactive,2024-09-27 23:52:52.10542 UTC
982a4756-42b3-4e29-ae84-27ee5f50977f,active,2024-09-27 23:53:08.177225 UTC
55789e4c-12c1-485d-8aab-13646176d834,inactive,2024-09-27 23:53:12.532119 UTC
6bda15c8-8226-44d7-a171-1c86e77e7fc6,active,2024-09-27 23:53:14.128536 UTC
ab2ff266-f66e-482a-b965-8215417cd29e,active,2024-09-27 23:53:17.740972 UTC
f413f1b7-81c3-4fd8-8fa6-1eba51365b59,active,2024-09-27 23:53:27.952674 UTC
eaa96e22-5ab5-4fc5-bb16-4d3943346b40,inactive,2024-09-27 23:53:31.011753 UTC
0ab1cbc7-5cdd-439b-af54-557a14b55b56,inactive,2024-09-27 23:53:32.553534 UTC
45546d9b-74d5-4418-9a08-0a8bb5f00be4,active,2024-09-27 23:53:35.673657 UTC
57082a46-2294-4016-91e5-df206733ae25,active,2024-09-27 23:53:37.582205 UTC
3abe77b7-4be5-469b-bb77-ed748de1aeeb,active,2024-09-27 23:53:43.317958 UTC
b982a786-1f5f-4e8c-8cdd-974a4d6eea47,active,2024-09-27 23:53:47.033391 UTC
1a49639a-80e1-41aa-849e-a71664488f9f,active,2024-09-27 23:53:57.19756 UTC
beb56757-9c5f-4cd5-abe4-ce9656c45368,inactive,2024-09-27 23:53:58.522456 UTC
ef055fc4-b717-451b-a668-a784f5ccbcab,active,2024-09-27 23:54:02.824577 UTC
5d9b6eab-fa87-4c6d-a814-94393369f126,inactive,2024-09-27 23:54:11.716382 UTC
20738117-b5e5-484f-aec5-5ab563a50c1c,active,2024-09-27 23:54:12.735291 UTC
6c3c23cb-9957-482b-92d4-852de473c1fb,inactive,2024-09-27 23:54:12.720651 UTC
75e47072-8c94-47ab-bd1c-3e7db02fa921,inactive,2024-09-27 23:54:26.671909 UTC
0b737678-e76a-405d-a13a-3715b3240199,inactive,2024-09-27 23:54:31.988935 UTC
fe4e40d3-9fc4-4c37-bd19-ea2f20768b0b,inactive,2024-09-27 23:54:40.776783 UTC
c0cc950d-7a5a-4ea4-ae4b-25d1ca5ba69f,inactive,2024-09-27 23:54:43.638115 UTC
98d52fcf-9f0d-4df9-a6fc-3fb593286cdb,active,2024-09-27 23:54:45.437926 UTC
eb20fad2-4856-493a-93a4-ea9935de4a71,inactive,2024-09-27 23:54:50.855271 UTC
dafce860-f048-4b8e-9fba-b43fb4abd0b0,active,2024-09-27 23:54:52.015554 UTC
7f1df44f-0a2c-4d7a-914c-94629a8e4eb5,active,2024-09-27 23:54:54.861359 UTC
8a82a6aa-d7e7-44b9-a2f5-7b7c803fa393,active,2024-09-27 23:55:01.860992 UTC
c9b38f1e-a4cf-42c2-97fb-5996f80a5d2a,inactive,2024-09-27 23:55:03.197838 UTC
ec04b1f7-ba23-447c-90b8-154c5b76f6c1,active,2024-09-27 23:55:04.748449 UTC
0ebd8dc1-0972-43df-833c-ec302423b4b6,active,2024-09-27 23:55:11.575355 UTC
ba2ad4a6-c754-42f0-86d5-6b0f7479ce3e,active,2024-09-27 23:55:24.703061 UTC
8d2550a7-8d0b-44f4-a70e-5474d2a0dd2b,active,2024-09-27 23:55:29.433369 UTC
741951a3-7ccd-4234-b5a1-10a13fe84817,inactive,2024-09-27 23:55:30.085375 UTC
eb7c8f9a-64b5-4cff-b76a-a4e8c7ec7ec6,active,2024-09-27 23:55:31.149852 UTC
eb55948d-5d54-45e0-ad0e-a5716b98fb37,inactive,2024-09-27 23:55:50.21833 UTC
ba16b579-49e8-48ae-a214-2d3ae9aa94a8,active,2024-09-27 23:55:53.407387 UTC
a358fe54-a184-4122-b7c0-d8772f4d51ff,active,2024-09-27 23:56:00.819538 UTC
31316151-3821-4ce9-9784-b90001a9437a,active,2024-09-27 23:56:02.801966 UTC
fa22ab08-0cf1-44a6-9409-30df3dffee63,inactive,2024-09-27 23:56:10.585975 UTC
82a90ca9-9b4b-4de3-be1c-c9992fc414a0,active,2024-09-27 23:56:20.245427 UTC
3a86373e-72b6-4427-9450-2a5a19746334,active,2024-09-27 23:56:22.755209 UTC
d8712a7e-0ebc-4767-a31e-00574f4c36b9,active,2024-09-27 23:56:32.157794 UTC
c129334c-ff33-4222-887f-3c80da9b4d1b,inactive,2024-09-27 23:56:37.525187 UTC
875611e7-659b-4839-aa48-78588aa0f666,active,2024-09-27 23:56:39.843188 UTC
a2e233e7-989a-4191-a73f-943a56916d3e,inactive,2024-09-27 23:56:48.186952 UTC
08a80ec8-2f56-4462-aa33-4792249cc456,inactive,2024-09-27 23:56:57.673659 UTC
d04e656c-a6b5-48a4-b6a0-09d7b681e953,active,2024-09-27 23:57:01.155139 UTC
c0a4e372-6b2e-46c3-a119-fff6052d38ee,inactive,2024-09-27 23:57:08.340426 UTC
7d823b82-f8d8-4f1e-a8d5-b855a01eeaf9,active,2024-09-27 23:57:12.524772 UTC
f5fbae5c-2669-4b4c-a84f-e0e9cf7bdc76,active,2024-09-27 23:57:21.843081 UTC
505fce9f-eaa9-4d7d-b8f0-1ac14e7177b6,active,2024-09-27 23:57:21.0945 UTC
febbc75c-9697-445f-8cd5-b96b4c703470,active,2024-09-27 23:57:25.951053 UTC
f4a2eb29-4cd8-46bf-b338-c4dc3e31f0f9,active,2024-09-27 23:57:27.754891 UTC
8d5a6e17-ab15-4f70-b7bb-4219e859a92d,inactive,2024-09-27 23:57:31.633706 UTC
0cf4c8fc-4479-470a-9b26-ed6b6dd2dbde,active,2024-09-27 23:57:36.941249 UTC
50f680bd-2577-410e-b71d-da0950fe3bd9,active,2024-09-27 23:57:50.506073 UTC
1c5fdd59-cb6e-4763-a502-9a8baefb426e,inactive,2024-09-27 23:57:58.472033 UTC
43e1aa2b-eaae-41e3-8e98-ae897b8454f1,active,2024-09-27 23:57:58.919553 UTC
876f10f7-f36e-4633-9b8d-91af4d1cd649,active,2024-09-27 23:58:06.506763 UTC
a4db7589-6b17-4c9b-80c5-fa27de6e37a1,active,2024-09-27 23:58:09.607982 UTC
a03c04ec-2a54-4eb0-a204-c8d03ce7fefa,active,2024-09-27 23:58:11.926526 UTC
fea1e335-dbaf-4313-9bb2-64dc8f513b24,active,2024-09-27 23:58:19.076341 UTC
00bfac82-9546-429a-b137-39797e9dbe6c,active,2024-09-27 23:58:18.539122 UTC
167d0552-ce21-4e65-a135-c43558e07d54,inactive,2024-09-27 23:58:26.031469 UTC
25290595-d78a-41f6-821f-5362637d2542,active,2024-09-27 23:58:28.862149 UTC
783c19f5-1859-4136-bb42-a71cfaa7e9de,active,2024-09-27 23:58:37.740469 UTC
20391ded-f391-4688-9328-8b264e22deef,active,2024-09-27 23:58:40.183205 UTC
153c0236-08ac-4f69-9543-720125d15b5f,active,2024-09-27 23:58:49.420776 UTC
160c8d91-9eca-4487-ac3d-cbaf13a8a247,inactive,2024-09-27 23:58:54.23862 UTC
74945755-6e6b-4e42-94b1-1036d8d1cda0,inactive,2024-09-27 23:58:55.077012 UTC
6b7d8b57-844e-4c19-af4c-d2af174fade8,active,2024-09-27 23:58:58.469297 UTC
5b6b6ac0-d133-45c8-9bdb-24eaff3ba946,active,2024-09-27 23:59:24.954974 UTC
c5e4b48a-2424-457c-a49f-c29b9a25b3dc,active,2024-09-27 23:59:27.056077 UTC
b6a66c4e-9ac5-426f-a901-d7a053a4a36c,active,2024-09-27 23:59:27.148149 UTC
c5935bc6-7dbc-43a9-b383-4b6827aba7c7,active,2024-09-27 23:59:37.087548 UTC
e7fdcecc-6e9d-4009-a174-de5186444904,active,2024-09-27 23:59:43.314722 UTC
6fba8704-0a28-47ee-a5bf-206f9d173872,active,2024-09-27 23:59:46.28794 UTC
70db5d61-63db-4100-83de-d17143dc6c29,active,2024-09-27 23:59:56.362103 UTC
de930945-4aaf-4b37-b5f9-f39ecc3ee06f,active,2024-09-27 23:59:56.154054 UTC
1a61dd95-de99-49f3-b4cb-2121d6b06d44,active,2024-08-24 23:58:53.238815 UTC
efee00c3-fe4c-4dd2-a90f-71d18cafeb5a,active,2024-08-24 23:59:23.158719 UTC
e1d41bab-ba53-4c9c-874c-f0787a555100,active,2024-08-24 23:59:46.002341 UTC
b61be1c1-8b71-404a-85c9-092869002590,inactive,2024-08-16 23:16:11.800157 UTC
1feccee7-8984-4e56-9dda-2c6ea9acb72f,active,2024-08-16 23:16:21.080449 UTC
d1af2f84-a307-4b98-877d-9e614899663f,active,2024-08-16 23:16:31.604257 UTC
3e692106-8bc7-4030-baaa-fed2994c2e8c,active,2024-08-16 23:16:30.794425 UTC
99e2f23b-535b-4e14-9665-1b11b1b2b93b,inactive,2024-08-16 23:16:33.411523 UTC
45e1810f-80e7-49a0-a8da-2dc9afc85c94,active,2024-08-16 23:16:52.144578 UTC
bb3054a5-63f9-4ce7-a7be-b90145c1a469,active,2024-08-16 23:17:12.568116 UTC
3a9d7e89-32c2-41ba-ae5a-0b09e1170c81,inactive,2024-08-16 23:17:14.556581 UTC
23f9f7ac-75da-44e1-b683-598cbaf40db1,active,2024-08-16 23:17:22.884183 UTC
bf3cc4c5-65dd-4bdb-b777-233df6bc08c8,active,2024-08-16 23:17:24.812042 UTC
9a9cb04a-eb9c-4cd7-ac8f-06dcc8dcb6db,inactive,2024-08-16 23:17:30.291741 UTC
593ea6c5-600b-441f-b526-c3259c67415b,active,2024-08-16 23:17:33.88194 UTC
5a754edf-df2a-4701-88d6-34def56b02aa,active,2024-08-16 23:17:36.298732 UTC
0b2ffa63-52ad-489a-bbec-9f73de2b45e8,active,2024-08-16 23:17:46.830696 UTC
c7a9d57e-ea9b-4978-b141-863e4cc45345,active,2024-08-16 23:17:57.898649 UTC
68d8cb3a-8cde-4045-b9fd-f5aa81480624,active,2024-08-16 23:18:01.249577 UTC
a09f0820-ba97-470e-9485-f6938024d785,active,2024-08-16 23:18:04.643904 UTC
0243e64c-623b-454f-bb57-e3fda1f46373,active,2024-08-16 23:18:20.451899 UTC
8f920bff-bba7-4b2c-a5a3-c6c14add3c2a,active,2024-08-16 23:18:35.370669 UTC
b0acf5a4-3a18-4967-a894-21d69c2a66c1,inactive,2024-08-16 23:18:38.67653 UTC
0c920bb4-d41d-4bc3-823b-936ed9c9b385,active,2024-08-16 23:19:15.309653 UTC
5dc2631d-7d4d-4d64-852d-128bca82bf4e,active,2024-08-16 23:19:16.30323 UTC
5f5556a0-9f4d-490a-85a9-9f9d7c1c20f6,active,2024-08-16 23:19:25.551069 UTC
46ac480c-3dea-4616-aceb-336ee1c3de55,active,2024-08-16 23:19:26.821303 UTC
43e5d7f6-5458-473d-b30d-e34674f25dee,active,2024-08-16 23:19:36.648171 UTC
2791fa63-22c5-4ec2-83fd-1aa0d6b80c3d,active,2024-08-16 23:19:48.507518 UTC
3a0e4cca-2531-4838-a88d-29142ecb5155,active,2024-08-16 23:20:18.515176 UTC
eb596971-cf19-4c8c-afb3-eabe0550c8ed,active,2024-08-16 23:20:48.676779 UTC
0e778630-cc42-40a0-9b44-18602454c90f,active,2024-08-16 23:20:54.825044 UTC
cb86f905-fc21-418d-8d7c-c91e13994ddb,active,2024-08-16 23:21:16.620204 UTC
93f7d031-a50a-4a01-abfa-81f7ed6c2084,active,2024-08-16 23:21:30.741183 UTC
4a8ee730-5ca5-457c-b143-55b3479736cc,active,2024-08-16 23:21:39.800868 UTC
074d5280-f7ed-4071-9697-88ab3af8bb62,active,2024-08-16 23:22:01.338022 UTC
beb8bde8-3b2d-4041-99ea-71ae2d06b3b3,active,2024-08-16 23:22:09.181771 UTC
909a5879-4a0e-452d-afac-174fe93c6f3c,active,2024-08-16 23:22:42.557895 UTC
0ecb240a-05f3-416e-b2aa-8cd4478fcdbd,active,2024-08-16 23:23:03.639959 UTC
566f4a08-a154-4a1c-bc2e-57085df31edb,active,2024-08-16 23:23:07.052139 UTC
545beba5-93d1-4cdf-81b0-d83bd5a41a32,active,2024-08-16 23:23:28.882499 UTC
bfe83e2c-fc19-4564-b057-7205cf9d12db,inactive,2024-08-16 23:23:33.096506 UTC
7bae1884-0c0f-4902-9aac-b0a85341aa89,active,2024-08-16 23:23:52.254665 UTC
9dc1c172-7600-4d81-98f4-5a72d366dc94,active,2024-08-16 23:23:55.050595 UTC
d51f9925-89ff-4e03-96a4-a0767c893460,active,2024-08-16 23:24:02.453544 UTC
2fc20ef5-6582-4d6a-b8fc-f91f188b967b,active,2024-08-16 23:24:05.013223 UTC
4d65ca28-3239-4a51-9b75-b2d346b54e2d,active,2024-08-16 23:24:03.326731 UTC
88062eae-f6cf-4bb9-a485-6bdbd02f4a33,active,2024-08-16 23:24:13.365786 UTC
de41deb3-c348-445e-8171-c78a07d8eb49,inactive,2024-08-16 23:24:15.090082 UTC
d7f0485c-bd65-4c52-9ace-f5ef3f67ed62,active,2024-08-16 23:24:26.415936 UTC
e84003c9-a02a-4da5-988b-f3fd7827ab78,active,2024-08-16 23:24:35.424322 UTC
53e2c25c-c665-4966-bacb-f4c9c9a28784,active,2024-08-16 23:24:51.152947 UTC
b117361e-92d7-4d6c-9ad7-b7f887c9c021,active,2024-08-16 23:24:56.830678 UTC
a8b8c7a4-86c4-4b04-a6c8-21627d8e9df8,inactive,2024-08-16 23:24:57.435152 UTC
ea26a67e-0d01-4cdd-9487-659e6d43f445,active,2024-08-16 23:25:11.423402 UTC
37227346-a922-4ee9-a2d2-962d293eceb2,inactive,2024-08-16 23:25:13.638238 UTC
0890433c-1729-4973-a1d3-a9fd4b8fef04,active,2024-08-16 23:25:24.093646 UTC
bbcc7fef-c648-47fa-834f-7ca3004b68ef,active,2024-08-16 23:25:48.829348 UTC
0a1d42a2-f6ad-4c6b-9617-375126714502,active,2024-08-16 23:26:18.941439 UTC
10c81ddb-a95f-4205-ab40-8413a52d5175,active,2024-08-16 23:26:48.478475 UTC
f6a12787-d2d8-47da-a88e-014577dfd7ec,inactive,2024-08-16 23:27:03.48757 UTC
fddb1888-d460-42f4-ba68-2d8c03b2528a,active,2024-08-16 23:27:09.89548 UTC
ba519add-a4e0-42a7-a559-8bf6aa108ad0,active,2024-08-16 23:27:24.74709 UTC
dffb9566-1963-4162-8621-802b5cf0deb6,active,2024-08-16 23:27:42.05145 UTC
dd48e457-b41e-4c9f-ac2f-0c823606f120,active,2024-08-16 23:27:45.400901 UTC
2e43ed52-caa2-485c-a085-8f61d0e984d9,active,2024-08-16 23:27:52.237568 UTC
1f1e3864-3b82-4cc7-90bd-b6cbfb914459,active,2024-08-16 23:28:06.701092 UTC
af4b6705-7466-43a1-a847-500426fd00b3,active,2024-08-16 23:28:15.891759 UTC
b0cb02c0-c832-4d9c-bb15-c9098b82185b,active,2024-08-16 23:28:22.520989 UTC
022ba325-8587-4897-98ff-7ec3ab2882c1,active,2024-08-16 23:28:27.202594 UTC
8a504135-378e-486a-aa81-546c500acc11,inactive,2024-08-16 23:28:53.219966 UTC
8a659e9a-a6c1-4291-927b-4524aa1a0dab,active,2024-08-16 23:29:03.63989 UTC
93a52c5c-158e-41e4-a5bd-6484bc4363a6,inactive,2024-08-16 23:29:09.801218 UTC
